Ax,Ay,Az,Gx,Gy,Gz,Label
0.06,-0.03,1.05,-1.05,2.76,0.08,ATAS
0.04,-0.04,1.06,-1.05,1.24,0.23,ATAS
0.05,-0.03,1.07,-0.76,-0.27,0.22,ATAS
0.06,-0.04,1.06,-0.74,0.06,0.14,ATAS
0.05,-0.04,1.06,-1.12,-0.98,0.02,ATAS
0.06,-0.03,1.06,-1.34,-0.92,0.16,ATAS
0.05,-0.03,1.05,-1.15,1.97,0.22,ATAS
0.05,-0.03,1.06,-1.33,-0.03,0.05,ATAS
0.04,-0.03,1.07,-1.11,0.4,0.23,ATAS
0.06,-0.03,1.06,-1.11,-0.02,0.12,ATAS
0.06,-0.04,1.06,-1.24,-0.4,0.18,ATAS
0.05,-0.03,1.05,-1.05,0.52,0.02,ATAS
0.04,-0.04,1.06,-0.98,1.44,0.16,ATAS
0.04,-0.04,1.06,-0.85,-0.79,0.1,ATAS
0.05,-0.03,1.06,-1.08,0.46,0.24,ATAS
0.06,-0.04,1.06,-1,1.04,-0.08,ATAS
0.05,-0.04,1.06,-0.95,0.47,0.13,ATAS
0.05,-0.04,1.06,-1.26,1.29,0.26,ATAS
0.05,-0.03,1.06,-0.92,-1.18,0.36,ATAS
0.04,-0.04,1.07,-0.93,-0.04,0.41,ATAS
0.04,-0.04,1.06,-1.01,-0.11,0.15,ATAS
0.05,-0.04,1.06,-1.28,-0.01,0.18,ATAS
0.05,-0.03,1.06,-0.59,-1.42,0.21,ATAS
0.06,-0.04,1.06,-0.94,-0.53,-0.1,ATAS
0.04,-0.03,1.06,-1.04,0.79,0.1,ATAS
0.05,-0.03,1.07,-0.99,1.22,0.2,ATAS
0.05,-0.04,1.05,-1.32,-0.24,0.13,ATAS
0.05,-0.03,1.06,-1.11,-0.78,0.17,ATAS
0.05,-0.03,1.05,-0.89,-0.89,-0.01,ATAS
0.05,-0.05,1.06,-1.03,-0.09,0.18,ATAS
0.05,-0.04,1.06,-1.08,1.36,-0.02,ATAS
0.04,-0.03,1.06,-0.93,0.35,0.22,ATAS
0.05,-0.03,1.06,-1.23,0.53,0.08,ATAS
0.05,-0.04,1.06,-0.9,0.86,0.18,ATAS
0.05,-0.03,1.06,-0.96,0.37,0.15,ATAS
0.05,-0.04,1.06,-1.07,1.6,0.24,ATAS
0.05,-0.03,1.06,-1.06,-0.25,0.15,ATAS
0.05,-0.04,1.06,-1.15,1.89,0.09,ATAS
0.05,-0.03,1.06,-1.11,-0.33,0.06,ATAS
0.05,-0.04,1.06,-1.11,1.06,0.08,ATAS
0.06,-0.04,1.06,-1.21,0.03,0.11,ATAS
0.05,-0.04,1.06,-1.31,1.52,0.25,ATAS
0.04,-0.04,1.07,-0.93,0.39,0.11,ATAS
0.05,-0.03,1.05,-0.97,-0.33,0.11,ATAS
0.05,-0.03,1.07,-1.1,0.31,0.19,ATAS
0.04,-0.03,1.06,-1.31,0.05,0.14,ATAS
0.06,-0.03,1.06,-0.95,-0.25,0.18,ATAS
0.04,-0.04,1.07,-0.95,-0.53,-0.08,ATAS
0.05,-0.04,1.05,-1.06,1.11,0.07,ATAS
0.05,-0.04,1.06,-1.01,0.62,0.02,ATAS
0.04,-0.04,1.06,-0.95,0.21,0.22,ATAS
0.05,-0.04,1.06,-1.09,1.15,-0.03,ATAS
0.04,-0.04,1.06,-1.06,-0.28,0.18,ATAS
0.04,-0.04,1.06,-1.21,-0.5,0.15,ATAS
0.05,-0.04,1.06,-0.84,-0.91,0.16,ATAS
0.05,-0.03,1.05,-1.11,-0.25,0.05,ATAS
0.05,-0.03,1.06,-0.84,-0.79,-0.02,ATAS
0.05,-0.03,1.06,-1.16,2.07,0.15,ATAS
0.05,-0.03,1.06,-0.97,0.7,0.22,ATAS
0.04,-0.04,1.06,-0.95,0.85,0.15,ATAS
0.05,-0.04,1.07,-1.06,1.4,0.16,ATAS
0.04,-0.04,1.06,-0.95,0.74,0.1,ATAS
0.05,-0.04,1.06,-0.87,-0.19,-0.03,ATAS
0.05,-0.04,1.06,-1.15,0.22,0.25,ATAS
0.04,-0.04,1.07,-1.08,0.48,-0.05,ATAS
0.08,-0.03,1.05,-1.05,0.95,0.35,ATAS
0.05,-0.04,1.05,-1.05,0.8,0.27,ATAS
0.04,-0.04,1.06,-1.11,1.09,0.16,ATAS
0.05,-0.03,1.06,-0.95,0.27,0.25,ATAS
0.05,-0.04,1.06,-1.3,0.14,0.18,ATAS
0.05,-0.04,1.05,-0.92,1.24,0.06,ATAS
0.04,-0.04,1.06,-0.98,0.24,0.04,ATAS
0.06,-0.04,1.06,-1.16,1.75,-0.02,ATAS
0.05,-0.04,1.05,-1.18,0.79,0.33,ATAS
0.04,-0.04,1.06,-1.19,0.52,0.16,ATAS
0.06,-0.03,1.05,-1.02,1.44,0.02,ATAS
0.05,-0.03,1.06,-1.21,2.2,0.3,ATAS
0.05,-0.04,1.05,-0.89,0.52,0.08,ATAS
0.06,-0.03,1.07,-1.25,-0.68,0.16,ATAS
0.05,-0.03,1.06,-1.21,1.11,0.17,ATAS
0.06,-0.03,1.07,-0.98,0.08,0.2,ATAS
0.04,-0.04,1.05,-1.27,-0.23,0.21,ATAS
0.05,-0.04,1.06,-1.03,-0.28,0.05,ATAS
0.03,-0.03,1.07,-1.11,0.14,-0.03,ATAS
0.05,-0.04,1.06,-1.09,0.69,0.18,ATAS
0.05,-0.03,1.07,-1.03,-0.54,-0.08,ATAS
0.04,-0.04,1.06,-1.09,-1.04,0.27,ATAS
0.05,-0.04,1.06,-1.07,0.24,0.34,ATAS
0.06,-0.04,1.06,-1.04,0.4,0.21,ATAS
0.06,-0.03,1.05,-1.27,0.84,0.21,ATAS
0.04,-0.04,1.06,-0.97,0.79,0.12,ATAS
0.05,-0.04,1.06,-1.21,-0.21,-0.03,ATAS
0.04,-0.03,1.06,-1.28,3.37,0.21,ATAS
0.05,-0.04,1.06,-0.99,0.56,0.24,ATAS
0.05,-0.04,1.06,-1.11,-0.64,-0.02,ATAS
0.05,-0.03,1.06,-1.05,-2.15,0.16,ATAS
0.05,-0.04,1.05,-1.18,-0.74,0.23,ATAS
0.05,-0.03,1.05,-1.39,-1.85,0.08,ATAS
0.04,-0.03,1.06,-1.26,0.41,0.2,ATAS
0.05,-0.04,1.06,-1.31,0.08,0.09,ATAS
0.05,-0.03,1.06,-1.21,0.93,0.11,ATAS
0.05,-0.04,1.06,-1.09,-1.34,-0.04,ATAS
0.05,-0.04,1.05,-1.1,-0.66,0.07,ATAS
0.06,-0.03,1.05,-1.34,0.43,0.02,ATAS
0.04,-0.04,1.06,-1.05,0.21,0.12,ATAS
0.04,-0.04,1.05,-0.92,-0.01,0.24,ATAS
0.05,-0.04,1.06,-1.26,0.01,0.2,ATAS
0.04,-0.03,1.06,-1.18,0.47,0.31,ATAS
0.05,-0.03,1.06,-0.96,-1.34,-0.02,ATAS
0.04,-0.04,1.06,-0.93,0.98,0.15,ATAS
0.05,-0.04,1.07,-1.41,-0.97,0.45,ATAS
0.05,-0.03,1.06,-1.25,1.33,0.34,ATAS
0.05,-0.03,1.06,-1.02,0.64,0.14,ATAS
0.06,-0.03,1.05,-1.17,1.15,0.11,ATAS
0.04,-0.04,1.06,-1.02,-0.08,0.04,ATAS
0.04,-0.04,1.06,-0.76,-0.28,0.13,ATAS
0.06,-0.04,1.06,-1.14,1.23,0.11,ATAS
0.05,-0.03,1.06,-1.2,2,0.11,ATAS
0.04,-0.04,1.07,-1.03,-0.72,0.01,ATAS
0.04,-0.03,1.06,-0.83,-1.47,0.2,ATAS
0.06,-0.04,1.06,-0.98,-0.6,0.14,ATAS
0.04,-0.04,1.07,-0.9,0.37,0.27,ATAS
0.05,-0.03,1.07,-0.91,0.17,0.17,ATAS
0.05,-0.04,1.06,-1.14,0.42,0.23,ATAS
0.04,-0.04,1.06,-0.98,0.39,0.07,ATAS
0.05,-0.03,1.06,-1.15,0.11,0.22,ATAS
0.05,-0.03,1.06,-1.14,1.56,0.23,ATAS
0.04,-0.04,1.06,-1.15,0.47,0.21,ATAS
0.04,-0.04,1.06,-0.94,0.98,0.38,ATAS
0.05,-0.04,1.05,-0.78,-1.62,0.11,ATAS
0.05,-0.04,1.06,-1.01,-0.32,-0.05,ATAS
0.05,-0.03,1.05,-0.95,0.53,0.22,ATAS
0.05,-0.04,1.06,-1.26,-1.2,0.04,ATAS
0.05,-0.04,1.06,-1.05,1.47,0.24,ATAS
0.04,-0.04,1.07,-0.99,0.4,-0.1,ATAS
0.05,-0.04,1.06,-1.09,0.55,-0.07,ATAS
0.03,-0.03,1.06,-0.83,0.02,0.25,ATAS
0.06,-0.03,1.06,-1.02,0.27,0.09,ATAS
0.04,-0.03,1.06,-0.91,-1.15,0.18,ATAS
0.06,-0.04,1.06,-1.24,0.39,0.05,ATAS
0.06,-0.04,1.06,-1.15,1.22,0.05,ATAS
0.05,-0.04,1.05,-1.22,1.31,0.1,ATAS
0.05,-0.04,1.06,-1.07,-0.24,0.14,ATAS
0.05,-0.04,1.06,-1.18,0.35,0.44,ATAS
0.05,-0.03,1.06,-1.03,0.66,0.35,ATAS
0.05,-0.04,1.06,-1.01,1.37,0.15,ATAS
0.05,-0.04,1.06,-1.13,1.66,0.18,ATAS
0.04,-0.03,1.05,-0.82,1.38,0.27,ATAS
0.05,-0.04,1.06,-1.27,3.4,0.2,ATAS
0.04,-0.03,1.06,-1.28,1.89,-0.01,ATAS
0.05,-0.04,1.07,-0.82,1.39,0.23,ATAS
0.05,-0.04,1.06,-1.09,0.34,-0.01,ATAS
0.04,-0.04,1.06,-1.35,1.2,0.18,ATAS
0.04,-0.04,1.06,-1.24,0.82,0.1,ATAS
0.05,-0.03,1.06,-0.97,-0.2,0.25,ATAS
0.05,-0.04,1.06,-1.05,1,0.18,ATAS
0.05,-0.04,1.05,-0.9,-1.25,0.09,ATAS
0.05,-0.04,1.07,-1.05,0.65,0.2,ATAS
0.06,-0.03,1.05,-1.14,1.05,0.19,ATAS
0.04,-0.04,1.06,-1.19,1.53,0.39,ATAS
0.05,-0.04,1.06,-0.95,1.54,0.09,ATAS
0.06,-0.03,1.06,-1.15,-0.17,0.06,ATAS
0.05,-0.03,1.06,-1.21,0.11,-0.11,ATAS
0.05,-0.04,1.07,-1.02,0.38,0.11,ATAS
0.05,-0.04,1.06,-0.7,3.24,0.08,ATAS
0.04,-0.03,1.06,-0.89,0.19,0.18,ATAS
0.06,-0.04,1.06,-1.15,0.44,0.11,ATAS
0.05,-0.03,1.06,-1.05,0.98,0.08,ATAS
0.05,-0.04,1.06,-1.31,-0.53,0.13,ATAS
0.05,-0.03,1.05,-1.02,0.51,0.28,ATAS
0.06,-0.03,1.06,-1.14,1.3,0.26,ATAS
0.06,-0.03,1.06,-1.17,-0.19,0.33,ATAS
0.05,-0.03,1.06,-0.99,-1.06,0.18,ATAS
0.05,-0.03,1.07,-1.18,-1.34,0.09,ATAS
0.05,-0.04,1.06,-0.9,1.94,0.11,ATAS
0.04,-0.03,1.06,-0.79,-0.85,0.05,ATAS
0.02,-0.03,1.06,-1.17,-2.18,0.28,ATAS
0.05,-0.04,1.06,-0.73,-0.14,0.13,ATAS
0.06,-0.04,1.06,-0.73,-0.88,0.04,ATAS
0.05,-0.04,1.06,-0.84,0.06,0.19,ATAS
0.05,-0.04,1.05,-1.06,0.69,-0.07,ATAS
0.05,-0.03,1.06,-0.95,0.07,-0.02,ATAS
0.05,-0.03,1.07,-0.6,0.02,0.11,ATAS
0.05,-0.04,1.06,-1.21,3.09,0.22,ATAS
0.05,-0.03,1.07,-1.3,1.17,-0.02,ATAS
0.05,-0.03,1.07,-0.94,1.37,0.27,ATAS
0.05,-0.03,1.06,-0.78,1.23,0.28,ATAS
0.05,-0.04,1.06,-1.28,0.45,0.08,ATAS
0.06,-0.03,1.06,-1.11,1.34,0.28,ATAS
0.06,-0.04,1.06,-0.99,4.14,0.22,ATAS
0.03,-0.04,1.05,-1.91,-1,0.11,ATAS
0.06,-0.04,1.05,-1.33,1.74,0.29,ATAS
0.05,-0.03,1.06,-0.98,3.15,0.02,ATAS
0.07,-0.03,1.07,-1.31,0.31,0.18,ATAS
0.06,-0.03,1.06,-1.11,2.89,0.18,ATAS
0.05,-0.04,1.06,-1.2,0.16,0.08,ATAS
0.05,-0.03,1.06,-0.73,0.25,0.14,ATAS
0.06,-0.04,1.06,-1.05,-1.15,0.09,ATAS
0.06,-0.03,1.05,-0.77,0.56,0.12,ATAS
0.05,-0.04,1.07,-1.15,-0.11,0.26,ATAS
0.05,-0.03,1.07,-1.15,-0.33,0.1,ATAS
0.05,-0.03,1.05,-1.28,-1.56,-0.01,ATAS
0.05,-0.03,1.06,-1.1,2.82,0.21,ATAS
0.05,-0.03,1.06,-1.04,0.66,0.31,ATAS
0.06,-0.04,1.06,-1.06,0.32,0.09,ATAS
0.05,-0.04,1.06,-1.27,1.32,0.26,ATAS
0.05,-0.04,1.06,-1.31,0.85,0.06,ATAS
0.05,-0.03,1.06,-0.96,-0.05,0.06,ATAS
0.06,-0.03,1.06,-1.16,-0.5,0.21,ATAS
0.06,-0.04,1.06,-1.07,1.07,0.12,ATAS
0.05,-0.03,1.06,-1.07,0.3,0.04,ATAS
0.05,-0.03,1.06,-1.16,1.47,0.26,ATAS
0.05,-0.03,1.06,-1.12,1.8,0.21,ATAS
0.05,-0.04,1.06,-0.89,0.66,0.27,ATAS
0.05,-0.03,1.06,-1.14,1.02,0.31,ATAS
0.05,-0.03,1.06,-0.78,0.12,0.27,ATAS
0.05,-0.04,1.05,-0.77,0.59,0.24,ATAS
0.05,-0.03,1.05,-1.18,0.18,0.21,ATAS
0.04,-0.04,1.06,-1.69,-1,-0.08,ATAS
0.05,-0.03,1.05,-0.49,-0.33,0.04,ATAS
0.05,-0.04,1.06,-1.4,-0.27,0.1,ATAS
0.06,-0.03,1.05,-1.42,3.1,0.1,ATAS
0.07,-0.04,1.06,-1.48,-1.26,0.02,ATAS
0.05,-0.04,1.06,-0.63,-0.97,0.21,ATAS
0.06,-0.03,1.07,-0.42,-1.97,0.37,ATAS
0.05,-0.03,1.06,-0.98,-2.32,0.03,ATAS
0.05,-0.03,1.06,-0.81,-3.95,0.08,ATAS
0.04,-0.03,1.06,-0.95,-0.35,0.33,ATAS
0.06,-0.03,1.07,-1.08,0.57,-0.33,ATAS
0.06,-0.03,1.06,-1,-2.05,0.17,ATAS
0.05,-0.03,1.06,-0.82,-1.7,-0.08,ATAS
0.06,-0.03,1.05,-1.02,0.34,0.24,ATAS
0.07,-0.03,1.06,-1.68,-3.23,0.06,ATAS
0.06,-0.03,1.06,-1.22,3.27,0.15,ATAS
0.06,-0.04,1.06,-1.54,0.76,0.09,ATAS
0.06,-0.03,1.07,-0.82,1.07,0.11,ATAS
0.05,-0.03,1.06,-1.15,-0.67,0.13,ATAS
0.06,-0.04,1.06,-1.24,1.84,0.04,ATAS
0.05,-0.03,1.07,-1.08,2.82,-0.09,ATAS
0.06,-0.04,1.06,-0.95,1.62,0.05,ATAS
0.05,-0.03,1.06,-1.02,-0.76,0.12,ATAS
0.06,-0.03,1.05,-1.02,-0.5,0.1,ATAS
0.06,-0.03,1.06,-1.16,0.14,0.08,ATAS
0.04,-0.03,1.06,-1.11,0.2,0.11,ATAS
0.04,-0.03,1.06,-0.8,-1.14,0.17,ATAS
0.05,-0.03,1.07,-0.9,-1.25,0.29,ATAS
0.05,-0.03,1.07,-1.02,-0.26,0.05,ATAS
0.04,-0.03,1.06,-1.31,0.41,-0.02,ATAS
0.05,-0.03,1.05,-1.07,1.7,0.05,ATAS
0.07,-0.03,1.06,-1.14,-1.84,0.05,ATAS
-0.01,0.02,-0.98,-5.75,-0.7,0.37,BAWAH
-0.01,0.02,-0.98,-0.71,0.26,0.04,BAWAH
-0.01,0.02,-0.98,-1.15,-0.3,0.36,BAWAH
-0.01,0.04,-0.97,-1.3,0.61,0.4,BAWAH
-0.01,0.02,-0.97,-1.47,0.18,0.08,BAWAH
-0.02,0.02,-0.97,-1.16,0.4,0.03,BAWAH
-0.01,0.03,-0.97,-0.97,0.36,0.09,BAWAH
-0.01,0.03,-0.97,-1.45,0.47,0.18,BAWAH
-0.01,0.03,-0.97,-1.19,0.39,0.15,BAWAH
-0.02,0.03,-0.97,-1.19,0.4,0.16,BAWAH
0,0.02,-0.98,-1.01,0.6,0.08,BAWAH
-0.01,0.03,-0.97,-1.18,0.47,0.17,BAWAH
-0.01,0.03,-0.98,-1.17,0.5,0.08,BAWAH
-0.01,0.03,-0.97,-1.36,0.2,0.2,BAWAH
-0.01,0.02,-0.97,-1.24,0.33,0.08,BAWAH
-0.01,0.03,-0.97,-1.43,0.58,0.06,BAWAH
-0.01,0.03,-0.97,-1.37,-0.02,0.11,BAWAH
-0.01,0.02,-0.97,-1.33,0.41,0.08,BAWAH
-0.01,0.03,-0.96,-1.08,0.35,-0.01,BAWAH
-0.01,0.03,-0.98,-1.21,0.23,0.19,BAWAH
-0.01,0.03,-0.97,-1.28,0.39,0.14,BAWAH
-0.01,0.02,-0.98,-1.28,0.37,0.12,BAWAH
-0.01,0.03,-0.97,-1.2,0.1,0.08,BAWAH
-0.02,0.02,-0.97,-1.24,0.36,0.22,BAWAH
-0.01,0.02,-0.98,-1.32,0.4,0.08,BAWAH
-0.01,0.03,-0.97,-0.85,0.34,0.16,BAWAH
-0.01,0.03,-0.97,-1.17,0.63,0.15,BAWAH
-0.02,0.03,-0.97,-1.27,0.24,-0.02,BAWAH
-0.01,0.03,-0.97,-1.43,0.16,0.06,BAWAH
-0.01,0.02,-0.98,-1.24,0.66,0.13,BAWAH
-0.02,0.02,-0.97,-1.18,0.21,0,BAWAH
-0.01,0.02,-0.98,-1.27,0.42,0.17,BAWAH
-0.01,0.02,-0.96,-1.24,0.33,0.02,BAWAH
-0.01,0.02,-0.96,-1.18,0.73,0.06,BAWAH
-0.01,0.02,-0.96,-1.15,0.26,0.21,BAWAH
-0.01,0.03,-0.96,-1.27,0.19,-0.02,BAWAH
-0.01,0.02,-0.97,-1.15,0.52,0.24,BAWAH
-0.01,0.02,-0.97,-0.99,0.3,0.24,BAWAH
-0.01,0.02,-0.96,-1.24,0.38,0.27,BAWAH
-0.01,0.03,-0.97,-1.13,0.07,0.31,BAWAH
-0.01,0.02,-0.97,-1.31,0.58,0.09,BAWAH
-0.01,0.02,-0.96,-1.07,0.1,0.21,BAWAH
-0.01,0.03,-0.97,-1.45,-0.09,0.03,BAWAH
-0.01,0.03,-0.96,-0.53,2.83,0.11,BAWAH
0,0.03,-0.98,-1.13,0.56,0.11,BAWAH
-0.02,0.03,-0.97,-1.29,0.11,0.05,BAWAH
0,0.03,-0.97,-1.14,0.76,0.07,BAWAH
-0.01,0.03,-0.97,-1.17,0.24,0.18,BAWAH
-0.01,0.03,-0.97,-1.24,0.48,0.15,BAWAH
-0.01,0.03,-0.97,-1.28,0.26,0.2,BAWAH
-0.01,0.03,-0.97,-1.19,0.52,0.11,BAWAH
-0.01,0.02,-0.97,-0.95,0.21,0.24,BAWAH
-0.02,0.03,-0.97,-1.15,0.24,0.08,BAWAH
-0.01,0.03,-0.97,-1.13,0.42,-0.14,BAWAH
-0.01,0.03,-0.97,-1.37,0.68,0.21,BAWAH
-0.01,0.02,-0.97,-1.27,0.34,0.02,BAWAH
-0.01,0.03,-0.97,-1.11,0.52,0.15,BAWAH
-0.01,0.03,-0.96,-1.09,0.54,0.09,BAWAH
-0.01,0.03,-0.97,-1.21,0.5,0.23,BAWAH
-0.01,0.03,-0.97,-1.09,0.37,0.27,BAWAH
-0.01,0.02,-0.96,-1.26,0.51,0.11,BAWAH
-0.02,0.02,-0.97,-1.29,0.47,0.21,BAWAH
-0.01,0.02,-0.96,-1.15,0.24,0.15,BAWAH
-0.01,0.03,-0.97,-1.27,0.16,0.01,BAWAH
-0.01,0.03,-0.97,-1.41,0.07,0.15,BAWAH
-0.01,0.03,-0.97,-1.27,0.48,0.33,BAWAH
-0.02,0.03,-0.97,-1.18,0.35,0.19,BAWAH
-0.01,0.03,-0.97,-1.29,0.44,0.09,BAWAH
-0.01,0.02,-0.97,-1.21,0.44,-0.05,BAWAH
-0.01,0.02,-0.97,-1.43,0.21,0.08,BAWAH
-0.01,0.02,-0.97,-1.34,0.59,0.14,BAWAH
-0.01,0.02,-0.96,-1.11,0.62,0.11,BAWAH
-0.01,0.02,-0.96,-1.2,0.05,0.05,BAWAH
-0.01,0.03,-0.97,-1.26,0.18,0.32,BAWAH
-0.01,0.02,-0.96,-1.19,0.13,0.13,BAWAH
-0.01,0.03,-0.97,-1.33,0.53,0.18,BAWAH
-0.01,0.03,-0.97,-0.95,0.2,0.18,BAWAH
-0.01,0.03,-0.96,-1.15,0.53,0.22,BAWAH
-0.01,0.03,-0.97,-1.09,0.23,0.18,BAWAH
-0.01,0.03,-0.97,-1.08,0.39,0.07,BAWAH
-0.01,0.03,-0.97,-1.23,0.22,0.15,BAWAH
-0.01,0.03,-0.97,-1.16,0.37,0.03,BAWAH
-0.01,0.03,-0.97,-1.19,0.31,0.27,BAWAH
-0.01,0.03,-0.97,-1.12,0.55,0.23,BAWAH
-0.01,0.03,-0.97,-0.93,0.32,0.12,BAWAH
-0.01,0.03,-0.96,-1.03,0.15,0.03,BAWAH
-0.01,0.02,-0.97,-1.2,0.4,0.12,BAWAH
-0.01,0.03,-0.96,-0.9,0.18,0.27,BAWAH
-0.01,0.02,-0.97,-0.97,0.33,0.1,BAWAH
-0.01,0.03,-0.98,-0.95,0.66,0.34,BAWAH
-0.01,0.03,-0.97,-1.27,0.28,0.1,BAWAH
-0.01,0.03,-0.97,-1.37,0.37,0.11,BAWAH
-0.01,0.03,-0.97,-1.21,0.34,0.12,BAWAH
-0.01,0.02,-0.97,-1.33,0.47,0.12,BAWAH
-0.01,0.03,-0.97,-1.22,0.38,0.22,BAWAH
-0.01,0.03,-0.98,-1.24,0.42,0.17,BAWAH
-0.01,0.03,-0.97,-1.17,0.28,0.02,BAWAH
-0.01,0.02,-0.97,-1.33,0.31,-0.09,BAWAH
-0.01,0.02,-0.97,-1.37,0.36,0.17,BAWAH
-0.01,0.03,-0.96,-1.11,0.24,0.18,BAWAH
-0.01,0.03,-0.97,-1.06,0.52,0.05,BAWAH
-0.01,0.03,-0.97,-1.49,0.28,0.14,BAWAH
-0.01,0.02,-0.98,-1.26,0.29,0.08,BAWAH
-0.01,0.03,-0.98,-0.95,0.81,0.11,BAWAH
-0.02,0.03,-0.96,-1.25,0.27,0.03,BAWAH
-0.02,0.03,-0.97,-1.34,0.34,0.13,BAWAH
-0.01,0.03,-0.97,-1.14,0.31,0.04,BAWAH
-0.01,0.03,-0.98,-1.25,0.37,-0.08,BAWAH
-0.02,0.02,-0.97,-1.16,0.47,-0.02,BAWAH
-0.01,0.03,-0.97,-1.23,0.43,0.2,BAWAH
-0.01,0.03,-0.97,-1.02,0.44,0.04,BAWAH
-0.01,0.03,-0.97,-1.21,0.18,0.05,BAWAH
0,0.03,-0.98,-1.21,0.44,0.15,BAWAH
-0.01,0.03,-0.97,-1.19,0.35,0.1,BAWAH
-0.01,0.02,-0.97,-1.15,0.24,0.21,BAWAH
-0.01,0.03,-0.97,-1.04,0.29,0.06,BAWAH
-0.01,0.03,-0.98,-1.18,0.37,0.01,BAWAH
-0.02,0.02,-0.97,-1.14,0.43,0.13,BAWAH
-0.01,0.02,-0.97,-1.18,0.18,0.08,BAWAH
-0.01,0.02,-0.97,-1.31,0.57,0.12,BAWAH
-0.01,0.03,-0.97,-1.15,0.5,0.11,BAWAH
-0.01,0.02,-0.96,-1.23,0.32,0.09,BAWAH
-0.02,0.03,-0.97,-1.32,0.4,0.2,BAWAH
-0.01,0.02,-0.97,-1.26,0.36,0.12,BAWAH
-0.01,0.03,-0.97,-1.21,0.62,0.08,BAWAH
-0.01,0.02,-0.97,-1.32,0.29,0.28,BAWAH
-0.01,0.03,-0.97,-1.26,0.46,0.06,BAWAH
-0.01,0.03,-0.97,-1,0.3,0.4,BAWAH
-0.01,0.03,-0.97,-1.04,0.48,0.13,BAWAH
-0.01,0.02,-0.97,-1.15,0.26,0.16,BAWAH
-0.01,0.03,-0.97,-1.24,0.18,0.24,BAWAH
-0.01,0.03,-0.97,-1.2,0.44,-0.05,BAWAH
-0.01,0.03,-0.97,-1.05,0.3,0.11,BAWAH
-0.02,0.03,-0.97,-1.24,0.29,0.06,BAWAH
-0.02,0.03,-0.97,-1.01,0.43,-0.12,BAWAH
-0.01,0.03,-0.98,-1.23,0.29,0.23,BAWAH
-0.01,0.03,-0.97,-1.14,0.41,0.21,BAWAH
-0.01,0.03,-0.97,-1.23,0.33,0.16,BAWAH
-0.01,0.03,-0.97,-1.33,0.71,0.13,BAWAH
-0.01,0.03,-0.97,-1.11,0.46,0.12,BAWAH
-0.01,0.02,-0.97,-1.37,0.56,0.14,BAWAH
-0.01,0.03,-0.97,-1.12,0.44,0.21,BAWAH
-0.01,0.02,-0.97,-1.25,0.13,0.17,BAWAH
-0.02,0.03,-0.98,-1.55,0.83,0.11,BAWAH
-0.02,0.03,-0.96,-1.09,0.4,0.11,BAWAH
-0.01,0.03,-0.96,-1.22,0.74,0.05,BAWAH
-0.01,0.02,-0.98,-5.75,-0.7,0.37,BAWAH
-0.01,0.02,-0.98,-0.71,0.26,0.04,BAWAH
-0.01,0.02,-0.98,-1.15,-0.3,0.36,BAWAH
-0.01,0.04,-0.97,-1.3,0.61,0.4,BAWAH
-0.01,0.02,-0.97,-1.47,0.18,0.08,BAWAH
-0.02,0.02,-0.97,-1.16,0.4,0.03,BAWAH
-0.01,0.03,-0.97,-0.97,0.36,0.09,BAWAH
-0.01,0.03,-0.97,-1.45,0.47,0.18,BAWAH
-0.01,0.03,-0.97,-1.19,0.39,0.15,BAWAH
-0.02,0.03,-0.97,-1.19,0.4,0.16,BAWAH
0,0.02,-0.98,-1.01,0.6,0.08,BAWAH
-0.01,0.03,-0.97,-1.18,0.47,0.17,BAWAH
-0.01,0.03,-0.98,-1.17,0.5,0.08,BAWAH
-0.01,0.03,-0.97,-1.36,0.2,0.2,BAWAH
-0.01,0.02,-0.97,-1.24,0.33,0.08,BAWAH
-0.01,0.03,-0.97,-1.43,0.58,0.06,BAWAH
-0.01,0.03,-0.97,-1.37,-0.02,0.11,BAWAH
-0.01,0.02,-0.97,-1.33,0.41,0.08,BAWAH
-0.01,0.03,-0.96,-1.08,0.35,-0.01,BAWAH
-0.01,0.03,-0.98,-1.21,0.23,0.19,BAWAH
-0.01,0.03,-0.97,-1.28,0.39,0.14,BAWAH
-0.01,0.02,-0.98,-1.28,0.37,0.12,BAWAH
-0.01,0.03,-0.97,-1.2,0.1,0.08,BAWAH
-0.02,0.02,-0.97,-1.24,0.36,0.22,BAWAH
-0.01,0.02,-0.98,-1.32,0.4,0.08,BAWAH
-0.01,0.03,-0.97,-0.85,0.34,0.16,BAWAH
-0.01,0.03,-0.97,-1.17,0.63,0.15,BAWAH
-0.02,0.03,-0.97,-1.27,0.24,-0.02,BAWAH
-0.01,0.03,-0.97,-1.43,0.16,0.06,BAWAH
-0.01,0.02,-0.98,-1.24,0.66,0.13,BAWAH
-0.02,0.02,-0.97,-1.18,0.21,0,BAWAH
-0.01,0.02,-0.98,-1.27,0.42,0.17,BAWAH
-0.01,0.02,-0.96,-1.24,0.33,0.02,BAWAH
-0.01,0.02,-0.96,-1.18,0.73,0.06,BAWAH
-0.01,0.02,-0.96,-1.15,0.26,0.21,BAWAH
-0.01,0.03,-0.96,-1.27,0.19,-0.02,BAWAH
-0.01,0.02,-0.97,-1.15,0.52,0.24,BAWAH
-0.01,0.02,-0.97,-0.99,0.3,0.24,BAWAH
-0.01,0.02,-0.96,-1.24,0.38,0.27,BAWAH
-0.01,0.03,-0.97,-1.13,0.07,0.31,BAWAH
-0.01,0.02,-0.97,-1.31,0.58,0.09,BAWAH
-0.01,0.02,-0.96,-1.07,0.1,0.21,BAWAH
-0.01,0.03,-0.97,-1.45,-0.09,0.03,BAWAH
-0.01,0.03,-0.96,-0.53,2.83,0.11,BAWAH
0,0.03,-0.98,-1.13,0.56,0.11,BAWAH
-0.02,0.03,-0.97,-1.29,0.11,0.05,BAWAH
0,0.03,-0.97,-1.14,0.76,0.07,BAWAH
-0.01,0.03,-0.97,-1.17,0.24,0.18,BAWAH
-0.01,0.03,-0.97,-1.24,0.48,0.15,BAWAH
-0.01,0.03,-0.97,-1.28,0.26,0.2,BAWAH
-0.01,0.03,-0.97,-1.19,0.52,0.11,BAWAH
-0.01,0.02,-0.97,-0.95,0.21,0.24,BAWAH
-0.02,0.03,-0.97,-1.15,0.24,0.08,BAWAH
-0.01,0.03,-0.97,-1.13,0.42,-0.14,BAWAH
-0.01,0.03,-0.97,-1.37,0.68,0.21,BAWAH
-0.01,0.02,-0.97,-1.27,0.34,0.02,BAWAH
-0.01,0.03,-0.97,-1.11,0.52,0.15,BAWAH
-0.01,0.03,-0.96,-1.09,0.54,0.09,BAWAH
-0.01,0.03,-0.97,-1.21,0.5,0.23,BAWAH
-0.01,0.03,-0.97,-1.09,0.37,0.27,BAWAH
-0.01,0.02,-0.96,-1.26,0.51,0.11,BAWAH
-0.02,0.02,-0.97,-1.29,0.47,0.21,BAWAH
-0.01,0.02,-0.96,-1.15,0.24,0.15,BAWAH
-0.01,0.03,-0.97,-1.27,0.16,0.01,BAWAH
-0.01,0.03,-0.97,-1.41,0.07,0.15,BAWAH
-0.01,0.03,-0.97,-1.27,0.48,0.33,BAWAH
-0.02,0.03,-0.97,-1.18,0.35,0.19,BAWAH
-0.01,0.03,-0.97,-1.29,0.44,0.09,BAWAH
-0.01,0.02,-0.97,-1.21,0.44,-0.05,BAWAH
-0.01,0.02,-0.97,-1.43,0.21,0.08,BAWAH
-0.01,0.02,-0.97,-1.34,0.59,0.14,BAWAH
-0.01,0.02,-0.96,-1.11,0.62,0.11,BAWAH
-0.01,0.02,-0.96,-1.2,0.05,0.05,BAWAH
-0.01,0.03,-0.97,-1.26,0.18,0.32,BAWAH
-0.01,0.02,-0.96,-1.19,0.13,0.13,BAWAH
-0.01,0.03,-0.97,-1.33,0.53,0.18,BAWAH
-0.01,0.03,-0.97,-0.95,0.2,0.18,BAWAH
-0.01,0.03,-0.96,-1.15,0.53,0.22,BAWAH
-0.01,0.03,-0.97,-1.09,0.23,0.18,BAWAH
-0.01,0.03,-0.97,-1.08,0.39,0.07,BAWAH
-0.01,0.03,-0.97,-1.23,0.22,0.15,BAWAH
-0.01,0.03,-0.97,-1.16,0.37,0.03,BAWAH
-0.01,0.03,-0.97,-1.19,0.31,0.27,BAWAH
-0.01,0.03,-0.97,-1.12,0.55,0.23,BAWAH
-0.01,0.03,-0.97,-0.93,0.32,0.12,BAWAH
-0.01,0.03,-0.96,-1.03,0.15,0.03,BAWAH
-0.01,0.02,-0.97,-1.2,0.4,0.12,BAWAH
-0.01,0.03,-0.96,-0.9,0.18,0.27,BAWAH
-0.01,0.02,-0.97,-0.97,0.33,0.1,BAWAH
-0.01,0.03,-0.98,-0.95,0.66,0.34,BAWAH
-0.01,0.03,-0.97,-1.27,0.28,0.1,BAWAH
-0.01,0.03,-0.97,-1.37,0.37,0.11,BAWAH
-0.01,0.03,-0.97,-1.21,0.34,0.12,BAWAH
-0.01,0.02,-0.97,-1.33,0.47,0.12,BAWAH
-0.01,0.03,-0.97,-1.22,0.38,0.22,BAWAH
-0.01,0.03,-0.98,-1.24,0.42,0.17,BAWAH
-0.01,0.03,-0.97,-1.17,0.28,0.02,BAWAH
-0.01,0.02,-0.97,-1.33,0.31,-0.09,BAWAH
-0.01,0.02,-0.97,-1.37,0.36,0.17,BAWAH
-0.01,0.03,-0.96,-1.11,0.24,0.18,BAWAH
-0.01,0.03,-0.97,-1.06,0.52,0.05,BAWAH
-0.01,0.03,-0.97,-1.49,0.28,0.14,BAWAH
-0.01,0.02,-0.98,-1.26,0.29,0.08,BAWAH
-0.01,0.03,-0.98,-0.95,0.81,0.11,BAWAH
1.03,0.01,-0.03,-1.23,0.6,0.12,DEPAN
1.03,0.01,-0.04,-1.18,0.01,-0.25,DEPAN
1.03,0.01,-0.01,-1.23,0.83,0.33,DEPAN
1.03,0.01,-0.04,-0.97,-0.05,0.07,DEPAN
1.03,0.01,-0.03,-1.15,0.56,0.16,DEPAN
1.03,0.01,-0.03,-1.11,0.2,-0.02,DEPAN
1.02,0.01,-0.03,-1.3,0.32,0.27,DEPAN
1.03,0.01,-0.02,-1.34,0.47,0.13,DEPAN
1.03,0.01,-0.02,-1.15,0.31,-0.17,DEPAN
1.02,0.01,-0.03,-0.97,0.4,0.17,DEPAN
1.02,0.01,-0.02,-1.27,0.44,0.2,DEPAN
1.03,0.01,-0.03,-1.1,0.33,0.14,DEPAN
1.03,0.01,-0.02,-1.37,0.53,-0.05,DEPAN
1.03,0.01,-0.03,-1.16,0.36,0.08,DEPAN
1.03,0.01,-0.04,-1.23,0.19,0.07,DEPAN
1.03,0.01,-0.03,-1.12,0.29,0.11,DEPAN
1.03,0.01,-0.04,-1.2,0.31,0.06,DEPAN
1.03,0.02,-0.03,-1.27,0.42,0.01,DEPAN
1.03,0.01,-0.03,-1.27,0.42,0.08,DEPAN
1.03,0.01,-0.03,-1.12,0.56,-0.15,DEPAN
1.03,0.02,-0.03,-1.21,0.34,0.16,DEPAN
1.03,0.01,-0.03,-1.16,0.42,0.06,DEPAN
1.03,0.01,-0.03,-1.31,0.41,0.22,DEPAN
1.03,0.01,-0.03,-1.11,0.29,0.04,DEPAN
1.03,0.02,-0.02,-1.15,0.4,0.14,DEPAN
1.03,0.01,-0.03,-1.11,0.48,0.15,DEPAN
1.02,0.01,-0.02,-1.22,0.36,0.14,DEPAN
1.03,0.02,-0.03,-1.34,0.28,-0.15,DEPAN
1.03,0.02,-0.03,-1.16,0.5,0.12,DEPAN
1.02,0.01,-0.03,-1.12,0.3,0.04,DEPAN
1.03,0.01,-0.03,-1.37,0.37,0.34,DEPAN
1.03,0.02,-0.02,-1.27,0.43,0.1,DEPAN
1.03,0.01,-0.03,-1.21,0.47,-0.03,DEPAN
1.03,0.01,-0.03,-1.22,0.39,0.11,DEPAN
1.03,0.01,-0.02,-1.16,0.35,0.02,DEPAN
1.03,0.01,-0.02,-1.09,0.46,0.12,DEPAN
1.02,0.01,-0.02,-1.2,0.43,0.11,DEPAN
1.02,0.01,-0.04,-1.27,0.43,0.11,DEPAN
1.03,0.01,-0.03,-1.15,0.42,0.05,DEPAN
1.03,0.01,-0.03,-1.17,0.35,0.18,DEPAN
1.03,0.02,-0.03,-1.09,0.51,0.08,DEPAN
1.03,0.02,-0.02,-1.06,0.27,0.23,DEPAN
1.03,0.01,-0.02,-1.05,0.63,0.16,DEPAN
1.03,0.01,-0.03,-1.27,0.37,0.12,DEPAN
1.03,0.01,-0.03,-1.07,0.43,0.25,DEPAN
1.02,0.01,-0.03,-1.15,0.34,0.08,DEPAN
1.03,0.01,-0.03,-1.06,0.29,-0.02,DEPAN
1.03,0.02,-0.02,-1.29,0.47,0.24,DEPAN
1.03,0.01,-0.03,-1.18,0.3,0.19,DEPAN
1.03,0.01,-0.02,-1.19,0.49,0.17,DEPAN
1.02,0.02,-0.04,-1.27,0.45,0.01,DEPAN
1.03,0.01,-0.03,-1.2,0.23,0.26,DEPAN
1.03,0.01,-0.03,-1.18,0.34,0.11,DEPAN
1.03,0.01,-0.02,-1.17,0.34,0.16,DEPAN
1.02,0,-0.02,-1.15,0.45,0.27,DEPAN
1.03,0.01,-0.02,-1.29,0.26,0.03,DEPAN
1.03,0.01,-0.03,-1.18,0.4,0.22,DEPAN
1.03,0.02,-0.03,-1.23,0.21,0.11,DEPAN
1.02,0.01,-0.03,-1.24,0.37,0.16,DEPAN
1.03,0.01,-0.02,-1.21,0.27,0.15,DEPAN
1.03,0.01,-0.03,-1.08,0.36,-0.06,DEPAN
1.03,0.01,-0.02,-1.13,0.64,0.27,DEPAN
1.02,0.02,-0.03,-1.11,0.24,-0.12,DEPAN
1.03,0.01,-0.02,-1.27,0.05,0.01,DEPAN
1.03,0.01,-0.02,-1.11,0.31,0.14,DEPAN
1.03,0.01,-0.03,-1.34,0.5,0.12,DEPAN
1.02,0.01,-0.02,-1.08,0.27,0.05,DEPAN
1.03,0.01,-0.03,-1.24,0.34,0.14,DEPAN
1.02,0.01,-0.02,-1.22,0.43,0.24,DEPAN
1.03,0.01,-0.02,-1.08,0.27,0.31,DEPAN
1.03,0.01,-0.03,-1.11,0.26,0.18,DEPAN
1.03,0.01,-0.02,-1.17,0.47,0.34,DEPAN
1.03,0.02,-0.03,-1.24,0.4,0.11,DEPAN
1.02,0.01,-0.03,-1.07,0.35,0.02,DEPAN
1.03,0.02,-0.02,-1.44,0.21,0.2,DEPAN
1.02,0.01,-0.02,-1.3,0.18,0.23,DEPAN
1.02,0.01,-0.02,-1.1,0.3,0.05,DEPAN
1.02,0.02,-0.02,-1.25,0.56,0.15,DEPAN
1.03,0.01,-0.02,-1.27,0.31,0.27,DEPAN
1.03,0.01,-0.02,-1.18,0.26,-0.11,DEPAN
1.03,0.01,-0.02,-1.2,0.39,0.02,DEPAN
1.03,0.02,-0.03,-1.18,0.54,-0.07,DEPAN
1.03,0.01,-0.03,-1.22,0.37,0.24,DEPAN
1.02,0.01,-0.03,-1.35,0.35,0.08,DEPAN
1.03,0.02,-0.02,-1.14,0.21,-0.11,DEPAN
1.03,0.01,-0.03,-1.27,0.32,0.08,DEPAN
1.02,0.02,-0.03,-1.15,0.28,0.13,DEPAN
1.03,0.01,-0.03,-1.11,0.58,0.37,DEPAN
1.03,0.02,-0.03,-1.25,0.27,0.07,DEPAN
1.02,0.02,-0.03,-1.08,0.39,0.16,DEPAN
1.02,0.01,-0.02,-1.25,0.31,0.2,DEPAN
1.03,0.01,-0.03,-1.19,0.34,0.22,DEPAN
1.02,0.02,-0.03,-1.33,0.12,0.05,DEPAN
1.02,0.01,-0.03,-1.29,0.25,0.04,DEPAN
1.03,0.02,-0.03,-1.17,0.58,0.2,DEPAN
1.02,0.01,-0.03,-1.08,0.36,0,DEPAN
1.03,0.01,-0.04,-1.28,0.5,0.27,DEPAN
1.04,0.01,-0.02,-1.27,0.31,-0.25,DEPAN
1.03,0.01,-0.04,-1.29,0.34,0.08,DEPAN
1.02,0.01,-0.03,-1.19,0.44,0.24,DEPAN
1.02,0.01,-0.02,-1.18,0.4,-0.04,DEPAN
1.03,0.01,-0.03,-1.21,0.4,-0.06,DEPAN
1.03,0.01,-0.02,-1.05,0.37,0.18,DEPAN
1.03,0.01,-0.03,-1.14,0.35,0.13,DEPAN
1.03,0.02,-0.03,-1.11,0.38,0.08,DEPAN
1.03,0.02,-0.04,-1.15,0.46,0.17,DEPAN
1.02,0.01,-0.03,-1.08,0.32,0.09,DEPAN
1.03,0.01,-0.03,-1.25,0.39,0.02,DEPAN
1.03,0.01,-0.03,-1.28,0.35,0.05,DEPAN
1.03,0.01,-0.03,-1.2,0.52,0.4,DEPAN
1.03,0.01,-0.03,-1.37,0.14,0.2,DEPAN
1.03,0.02,-0.02,-1.24,0.35,0.08,DEPAN
1.03,0.02,-0.02,-1.06,0.4,-0.19,DEPAN
1.03,0.01,-0.03,-1.15,0.36,0.02,DEPAN
1.03,0.01,-0.02,-1.2,0.39,0.06,DEPAN
1.03,0.01,-0.03,-1.21,0.19,0.04,DEPAN
1.03,0.02,-0.03,-1.26,0.47,0.26,DEPAN
1.03,0.01,-0.03,-1.31,0.25,0.14,DEPAN
1.03,0.02,-0.02,-1.2,0.53,0.14,DEPAN
1.03,0.01,-0.03,-1.24,0.34,0.27,DEPAN
1.03,0.02,-0.02,-1.21,0.31,0.01,DEPAN
1.03,0.01,-0.03,-1.21,0.28,0.19,DEPAN
1.03,0.02,-0.03,-1.19,0.5,0.08,DEPAN
1.03,0.02,-0.03,-1.27,0.54,0.08,DEPAN
1.02,0.01,-0.03,-1.12,0.2,0.18,DEPAN
1.02,0.02,-0.04,-1.25,0.18,0.02,DEPAN
1.03,0.01,-0.03,-1.26,0.51,0.16,DEPAN
1.02,0.01,-0.03,-1.05,0.18,0.01,DEPAN
1.02,0.01,-0.03,-1.33,0.22,0.24,DEPAN
1.02,0.01,-0.03,-1.2,0.35,0.21,DEPAN
1.02,0.01,-0.02,-1.18,0.4,0.21,DEPAN
1.03,0.01,-0.03,-1.18,0.24,0.08,DEPAN
1.03,0.02,-0.03,-1.28,0.47,0,DEPAN
1.03,0.01,-0.03,-1.29,0.53,0.14,DEPAN
1.03,0.01,-0.04,-1.08,0.4,0.31,DEPAN
1.03,0.01,-0.03,-1.11,0.16,0.01,DEPAN
1.02,0.01,-0.03,-1.2,0.27,0.06,DEPAN
1.02,0.01,-0.03,-1.14,0.39,0.13,DEPAN
1.02,0.02,-0.03,-1.16,0.28,0.34,DEPAN
1.03,0.01,-0.02,-1.09,0.6,0.08,DEPAN
1.03,0.02,-0.02,-1.2,0.45,-0.08,DEPAN
1.02,0.01,-0.03,-1.24,0.28,0.13,DEPAN
1.03,0.01,-0.03,-1.32,0.24,0.12,DEPAN
1.03,0.02,-0.03,-1.22,0.2,0.08,DEPAN
1.02,0.01,-0.02,-1.11,0.48,0.26,DEPAN
1.03,0.01,-0.02,-1.31,0.17,-0.11,DEPAN
1.03,0.01,-0.03,-1.17,0.36,0.19,DEPAN
1.03,0.01,-0.03,-1.24,0.53,0.02,DEPAN
1.03,0.02,-0.03,-1.11,0.55,0.13,DEPAN
1.03,0.01,-0.03,-1.46,0.36,0.18,DEPAN
1.04,0.02,-0.02,-1.35,0.4,0.03,DEPAN
1.02,0.01,-0.03,-1.27,0.56,0.08,DEPAN
1.02,0.01,-0.03,-1.06,0.29,0.27,DEPAN
1.03,0.01,-0.04,-1.19,0.39,0,DEPAN
1.03,0.01,-0.03,-1.03,0.39,-0.03,DEPAN
1.03,0.01,-0.03,-1.05,0.33,0.08,DEPAN
1.03,0.01,-0.03,-1.19,0.17,0.05,DEPAN
1.03,0.01,-0.04,-1.21,0.38,0.02,DEPAN
1.03,0.01,-0.03,-1.35,0.42,0.05,DEPAN
1.02,0.01,-0.02,-1.21,0.44,0.15,DEPAN
1.03,0.01,-0.03,-1.1,0.49,0.21,DEPAN
1.02,0.01,-0.03,-1.33,0.45,0.13,DEPAN
1.02,0.01,-0.04,-1.28,0.3,0.08,DEPAN
1.03,0.01,-0.02,-1.01,0.56,0.27,DEPAN
1.03,0.01,-0.03,-1.21,0.4,0.09,DEPAN
1.02,0.02,-0.03,-1.14,0.59,0.06,DEPAN
1.03,0.01,-0.03,-1.18,0.15,0.15,DEPAN
1.02,0.02,-0.02,-1.21,0.29,0.1,DEPAN
1.03,0.01,-0.02,-1.26,0.34,-0.12,DEPAN
1.02,0.01,-0.02,-1.11,0.4,-0.02,DEPAN
1.03,0.02,-0.03,-1.24,0.24,0.1,DEPAN
1.03,0.01,-0.03,-1.23,0.34,0.21,DEPAN
1.03,0.01,-0.03,-1.22,0.21,0.13,DEPAN
1.02,0.02,-0.03,-1.24,0.37,0.08,DEPAN
1.02,0.01,-0.03,-1.25,0.28,0.2,DEPAN
1.03,0.01,-0.03,-1.26,0.16,0.08,DEPAN
1.03,0.02,-0.03,-1.19,0.32,0.16,DEPAN
1.03,0.02,-0.03,-1.39,0.32,-0.05,DEPAN
1.03,0.01,-0.02,-1.24,0.55,0.17,DEPAN
1.02,0.01,-0.03,-1.04,0.44,0.18,DEPAN
1.03,0.02,-0.02,-1.26,0.41,0.31,DEPAN
1.02,0.02,-0.03,-1.17,0.47,0.21,DEPAN
1.03,0.01,-0.03,-1.05,0.25,0.19,DEPAN
1.03,0.01,-0.02,-1.08,0.43,0.12,DEPAN
1.03,0.01,-0.04,-1.14,0.3,0.24,DEPAN
1.04,0.01,-0.03,-1.19,0.27,0.14,DEPAN
1.03,0.02,-0.03,-1.19,0.58,0.08,DEPAN
1.02,0.01,-0.02,-1.2,0.55,0.27,DEPAN
1.03,0.01,-0.04,-1.07,0.37,0.02,DEPAN
1.02,0.01,-0.03,-1.25,0.5,-0.14,DEPAN
1.02,0.01,-0.03,-1.22,0.46,0.17,DEPAN
1.03,0.01,-0.02,-1.22,0.27,0.18,DEPAN
1.02,0.01,-0.02,-1.33,0.43,0.07,DEPAN
1.03,0.01,-0.02,-1.19,0.4,0.2,DEPAN
1.03,0.01,-0.04,-1.16,0.22,0.07,DEPAN
1.03,0.01,-0.03,-1.09,0.54,0.18,DEPAN
1.02,0.02,-0.04,-1.11,0.43,0.25,DEPAN
1.03,0.01,-0.03,-1.04,0.35,0.03,DEPAN
1.03,0.01,-0.03,-1.15,0.54,0.05,DEPAN
1.03,0.02,-0.03,-1.08,0.37,0.28,DEPAN
1.03,0.01,-0.02,-1.21,0.46,-0.11,DEPAN
1.03,0.01,-0.03,-1.41,0.11,0.15,DEPAN
1.03,0.01,-0.03,-1.15,0.6,0.06,DEPAN
1.02,0.02,-0.03,-1.21,0.44,0.02,DEPAN
1.02,0.01,-0.03,-1.31,0.45,0.02,DEPAN
1.03,0.01,-0.02,-1.15,0.36,0.05,DEPAN
1.03,0.01,-0.03,-1.28,0.37,0.18,DEPAN
1.02,0.01,-0.03,-1.11,0.37,0.26,DEPAN
1.02,0.02,-0.02,-1.12,0.12,0.39,DEPAN
1.02,0.01,-0.01,-1.02,0.6,0.28,DEPAN
1.03,0.01,-0.03,-1.06,0.37,0.01,DEPAN
1.02,0.02,-0.02,-1.13,0.24,0.13,DEPAN
1.02,0.01,-0.04,-1.15,0.59,0.02,DEPAN
1.02,0.02,-0.03,-1.31,0.31,0.25,DEPAN
1.03,0.02,-0.03,-1.16,0.29,0.22,DEPAN
1.03,0.01,-0.02,-1.02,0.44,0.2,DEPAN
1.02,0.02,-0.03,-1.17,0.45,0.25,DEPAN
1.02,0.02,-0.03,-1.1,0.24,0.09,DEPAN
1.03,0.02,-0.03,-1.05,0.27,0.12,DEPAN
1.03,0.01,-0.03,-1.09,0.5,0.05,DEPAN
1.03,0.01,-0.03,-1.15,0.26,0.18,DEPAN
1.03,0.01,-0.03,-1.09,0.36,0.01,DEPAN
1.03,0.01,-0.02,-1.05,0.34,-0.2,DEPAN
1.02,0.02,-0.03,-1.06,0.45,0.14,DEPAN
1.02,0.02,-0.02,-1.15,0.32,0.22,DEPAN
1.03,0.01,-0.02,-1.18,0.28,0.21,DEPAN
1.03,0.01,-0.02,-1.14,0.41,0.1,DEPAN
1.03,0.01,-0.02,-1.17,0.37,0.03,DEPAN
1.02,0.01,-0.03,-1.02,0.23,0.23,DEPAN
1.03,0.01,-0.02,-1.11,0.27,-0.02,DEPAN
1.03,0.01,-0.03,-0.89,0.34,0.02,DEPAN
1.02,0.01,-0.02,-1.43,0.22,-0.03,DEPAN
1.03,0.01,-0.03,-1.08,0.17,0.24,DEPAN
1.03,0.01,-0.03,-1.02,0.6,0.14,DEPAN
1.03,0.01,-0.02,-1.36,0.38,0.04,DEPAN
1.03,0.01,-0.03,-1.09,0.48,0.21,DEPAN
1.03,0.01,-0.03,-1.22,0.19,0.03,DEPAN
1.03,0.01,-0.03,-0.98,0.38,0.15,DEPAN
1.03,0.02,-0.02,-1.27,0.44,0.24,DEPAN
1.02,0.01,-0.03,-1.27,0.34,0.06,DEPAN
1.03,0.01,-0.03,-1.28,0.5,-0.03,DEPAN
1.03,0.01,-0.02,-1.15,0.49,0.12,DEPAN
1.03,0.02,-0.02,-1.19,0.56,0.23,DEPAN
1.03,0.01,-0.02,-1.21,0.4,0.1,DEPAN
1.03,0.02,-0.03,-0.97,0.37,-0.05,DEPAN
1.03,0.02,-0.02,-1.29,0.54,0.22,DEPAN
1.02,0.01,-0.03,-1.2,0.39,0.24,DEPAN
1.03,0.01,-0.03,-1.22,0.47,-0.02,DEPAN
1.03,0.01,-0.03,-1.22,0.53,0.17,DEPAN
1.03,0.01,-0.04,-1.21,0.26,0.14,DEPAN
1.03,0.01,0.01,-0.89,0.4,0.32,BELAKANG
1.03,0.01,0.01,-1.24,0.31,0.06,BELAKANG
1.03,0.01,0,-1.11,0.5,0.27,BELAKANG
1.03,0,0.01,-1.08,0.42,-0.05,BELAKANG
1.02,0.01,0,-0.97,0.36,0.37,BELAKANG
1.03,0.01,0.01,-1.24,0.19,0.21,BELAKANG
1.03,0,0.01,-1.04,0.36,0.12,BELAKANG
1.03,0.01,0.01,-1.3,0.39,0.12,BELAKANG
1.04,0,0.02,-0.87,0.9,0.06,BELAKANG
1.02,0.01,0.01,-1.16,-0.13,-0.18,BELAKANG
1.03,0,0,-1.06,0.85,0.4,BELAKANG
1.03,0.01,0.01,-0.88,0.95,0.35,BELAKANG
1.03,0.01,0.01,-0.92,0.24,0.02,BELAKANG
1.03,0.01,0,-1.11,0.46,0.19,BELAKANG
1.03,0.01,0.01,-0.96,0.58,0.15,BELAKANG
1.02,0,0.01,-1.08,0.16,0.08,BELAKANG
1.03,0.01,0,-1.05,0.46,0.2,BELAKANG
1.05,0,0.01,-1.17,0.79,-0.04,BELAKANG
1.05,-0.01,-0.01,-1.18,0.21,0.41,BELAKANG
1.02,0.01,0.02,-1.08,0.85,0.44,BELAKANG
1.04,0,0,-1.26,0.53,0.18,BELAKANG
1.02,0,0.01,-1.07,0.44,0.32,BELAKANG
1.03,0.01,0.01,-1.07,0.48,-0.11,BELAKANG
1.03,0.01,0.01,-1.28,0.08,-0.06,BELAKANG
1.03,0.01,0,-1.15,-0.03,-0.24,BELAKANG
1.03,0,0,-1.17,1.31,0.37,BELAKANG
1.03,0.01,0.02,-1.2,-0.15,0.11,BELAKANG
1.03,0.01,0,-1.11,0.67,0.24,BELAKANG
1.03,0.01,0.01,-1.13,0.27,0.05,BELAKANG
1.02,0.01,0,-1.12,0.53,0.18,BELAKANG
1.04,0,0,-1.08,0.6,0.24,BELAKANG
1.03,0.01,0.01,-1.03,0.08,-0.08,BELAKANG
1.03,0.01,0.01,-1.23,0.74,0.45,BELAKANG
1.03,0,0.01,-1.22,0.34,0.09,BELAKANG
1.04,0,0.01,-1.08,0.22,-0.08,BELAKANG
1.02,0.01,0.01,-1.02,0.29,0.05,BELAKANG
1.03,0,0,-1.14,0.54,0.13,BELAKANG
1.03,0.01,0.01,-1.23,0.44,-0.03,BELAKANG
1.02,0.01,0,-1.1,0.49,0.24,BELAKANG
1.03,0.01,0.01,-1.08,0.47,0.1,BELAKANG
1.03,0.01,0.01,-0.98,0.46,0.17,BELAKANG
1.03,0.01,0.01,-1.23,0.41,0.19,BELAKANG
1.03,0.01,0.01,-1.1,0.25,0.08,BELAKANG
1.03,0.01,0.02,-1.15,0.41,0.15,BELAKANG
1.03,0.01,0,-1.11,0.21,0,BELAKANG
1.03,0.01,0,-1.05,0.35,0.22,BELAKANG
1.03,0.01,0.01,-0.92,0.39,0.07,BELAKANG
1.03,0,0,-1.14,0.21,0.12,BELAKANG
1.03,0.01,0.01,-1.22,0.75,0.38,BELAKANG
1.02,0.01,0.01,-1.1,0.36,0.11,BELAKANG
1.03,0.01,0.01,-0.98,0.47,0.29,BELAKANG
1.03,0.01,0.01,-1.09,0.23,0.18,BELAKANG
1.02,0.01,0,-1.15,0.34,0.21,BELAKANG
1.03,0.01,0.01,-1.07,0.19,0.14,BELAKANG
1.03,0.01,0.01,-0.87,0.39,0.18,BELAKANG
1.03,0,0.01,-1.07,0.6,0.15,BELAKANG
1.03,0.01,0,-1.11,0.44,0.11,BELAKANG
1.03,0,0,-1.11,0.5,0.08,BELAKANG
1.03,0.01,0.01,-1.14,0.41,0.37,BELAKANG
1.03,0.01,0,-1.06,0.35,0.12,BELAKANG
1.03,0.01,0.01,-0.9,0.53,0.15,BELAKANG
1.03,0.01,0.01,-0.94,0.31,-0.03,BELAKANG
1.03,0.01,0.02,-0.96,0.49,0.07,BELAKANG
1.03,0,0,-1.08,0.34,0,BELAKANG
1.03,0.01,0,-1.31,0.4,0.07,BELAKANG
1.03,0.01,0.01,-1.11,0.46,0.32,BELAKANG
1.03,0.01,0.01,-1.15,0.34,0.12,BELAKANG
1.03,0.01,0.01,-1,0.44,0.22,BELAKANG
1.03,0.01,0.01,-1.11,0.56,0.32,BELAKANG
1.03,0,0.01,-1.11,0.61,0.22,BELAKANG
1.03,0,0,-1.19,0.31,0.17,BELAKANG
1.03,0,0.01,-1.08,0.5,0.32,BELAKANG
1.03,0.01,0.01,-1.02,0.36,0.23,BELAKANG
1.03,0.01,0.01,-1.22,0.4,0.15,BELAKANG
1.03,0.01,0.01,-0.99,0.21,-0.08,BELAKANG
1.03,0.01,0.01,-1.15,0.39,0.13,BELAKANG
1.03,0,0.01,-1.08,0.66,0.1,BELAKANG
1.03,0.01,0,-1,0.32,0.1,BELAKANG
1.03,0.01,0.01,-1.14,0.43,0.06,BELAKANG
1.03,0.01,0.01,-1.01,0.36,0.24,BELAKANG
1.03,0.01,0.01,-1.11,0.44,0.25,BELAKANG
1.02,0,0.01,-1.06,0.26,0.14,BELAKANG
1.03,0,0.02,-1.08,0.48,0.24,BELAKANG
1.03,0.01,0.01,-0.83,0.54,0.31,BELAKANG
1.03,0.01,0.01,-1.15,0.34,0.11,BELAKANG
1.03,0.01,0.01,-1.18,0.46,0.2,BELAKANG
1.02,0,0,-0.97,0.27,0.21,BELAKANG
1.02,0.01,0,-1.02,0.31,0.21,BELAKANG
1.03,0.01,0.01,-1.11,0.4,0.2,BELAKANG
1.02,0.01,0.01,-1.11,0.09,0.21,BELAKANG
1.03,0,0.01,-1.15,0.57,0.01,BELAKANG
1.03,0.02,0.01,-1.23,0.28,0.11,BELAKANG
1.02,0.01,0.01,-0.94,0.33,0.2,BELAKANG
1.02,0.01,0.01,-0.99,0.02,0.65,BELAKANG
1.03,0.01,-0.01,-1.05,0.01,-0.15,BELAKANG
1.03,0,0.01,-1.18,1.05,0.36,BELAKANG
1.02,0.01,0.02,-1.11,0,0.03,BELAKANG
1.02,0.01,0.01,-0.98,0.51,0.21,BELAKANG
1.04,0,0.01,-0.92,0.5,0.15,BELAKANG
1.03,0.01,0.01,-0.95,0.24,0.22,BELAKANG
1.03,0.01,0.01,-1.15,0.5,0.28,BELAKANG
1.03,0,0.01,-1.32,0.37,0.22,BELAKANG
1.03,0.01,0.01,-0.98,0.43,0.31,BELAKANG
1.03,0.01,0.01,-1.11,0.37,0.44,BELAKANG
1.03,0.01,0.01,-1.18,0.26,0.14,BELAKANG
1.03,0.01,0.01,-1.06,0.39,0.18,BELAKANG
1.02,0.01,0.01,-0.96,0.52,0.27,BELAKANG
1.02,0,0.02,-1.08,1.01,0.31,BELAKANG
1.03,0,0.01,-1.05,0.03,-0.08,BELAKANG
1.02,0.01,0,-1.12,0.34,0.11,BELAKANG
1.03,0.01,0.01,-1.27,0.71,0.18,BELAKANG
1.03,0.01,0.01,-0.97,0.5,0.18,BELAKANG
1.03,0.01,0.01,-1.07,0.16,0,BELAKANG
1.03,0.01,0,-1.05,0.52,0.17,BELAKANG
1.03,0.01,0.01,-1.02,0.35,0.08,BELAKANG
1.03,0,0.01,-1.18,0.5,0.19,BELAKANG
1.03,0,0.01,-1.06,0.63,0.26,BELAKANG
1.03,0.01,-0.01,-0.89,0.13,0.15,BELAKANG
1.03,0,0.01,-1.08,0.66,0.33,BELAKANG
1.03,0.01,0.01,-0.96,-0.02,-0.14,BELAKANG
1.03,0,0,-1.21,0.65,0.11,BELAKANG
1.03,0.01,0,-1.2,0.26,0.21,BELAKANG
1.03,0.01,0.01,-1.08,0.24,0.21,BELAKANG
1.03,0.01,0.01,-1.08,0.65,0.27,BELAKANG
1.03,0,0,-1.08,0.37,0.15,BELAKANG
1.03,0,0.01,-1.18,0.3,0.26,BELAKANG
1.03,0.01,0.01,-0.93,0.41,0.08,BELAKANG
1.02,0,0.01,-0.85,0.44,-0.07,BELAKANG
1.03,0.01,0.01,-1.03,0.55,0.08,BELAKANG
1.03,0.01,0.01,-1.05,0.27,0.13,BELAKANG
1.03,0.01,0.01,-1.04,0.44,0.27,BELAKANG
1.03,0.01,0,-0.89,0.27,0.14,BELAKANG
1.02,0,0.01,-1.18,0.37,0.28,BELAKANG
1.02,0.01,0.02,-1.07,0.53,0.27,BELAKANG
1.04,0.01,0,-1.12,0.38,0.08,BELAKANG
1.03,0.01,0.01,-0.97,0.55,0.27,BELAKANG
1.03,0.01,0.01,-1.11,0.27,0.03,BELAKANG
1.03,0,0.01,-1.2,0.5,0.15,BELAKANG
1.03,0.01,0.01,-0.98,0.48,0.08,BELAKANG
1.03,0.01,0.01,-0.82,0.29,0.16,BELAKANG
1.03,0.01,0.01,-1.08,0.44,0.18,BELAKANG
1.03,0.01,0,-1.01,0.31,0.01,BELAKANG
1.03,0.01,0.01,-0.98,0.63,0.28,BELAKANG
1.03,0.01,0.01,-0.98,0.18,-0.02,BELAKANG
1.03,0,0,-1.11,0.76,0.34,BELAKANG
1.02,0.01,0.01,-0.92,0.33,0.1,BELAKANG
1.03,0.01,0,-1.18,0.59,0.22,BELAKANG
1.03,0.01,0,-1.05,0.5,0.08,BELAKANG
1.02,0.01,0.01,-1.13,0.39,0.24,BELAKANG
1.03,0.01,0.01,-1.13,0.6,0.2,BELAKANG
1.03,0.01,0,-1.17,0.31,-0.02,BELAKANG
1.03,0.01,0.01,-1.08,0.35,0.17,BELAKANG
1.03,0,0.01,-0.95,0.18,0.28,BELAKANG
1.03,0.01,0.01,-1.04,0.35,0.13,BELAKANG
1.03,0.01,0.01,-1.08,0.36,0.09,BELAKANG
1.02,0.01,0.01,-1.23,0.62,0.24,BELAKANG
1.03,0,0.01,-1.26,0.53,0.2,BELAKANG
1.03,0.01,0,-0.99,0.24,0.05,BELAKANG
1.03,0,0.02,-1.11,0.45,0.09,BELAKANG
1.03,0.01,0,-1.16,0.34,0.24,BELAKANG
1.03,0.01,0.01,-1.02,0.53,0.24,BELAKANG
1.03,0.01,0.01,-1.05,0.34,0.13,BELAKANG
1.03,0,0.01,-0.92,0.46,0.36,BELAKANG
1.03,0.01,0,-1.08,0.47,-0.05,BELAKANG
1.03,0.01,0,-1.07,0.46,0.04,BELAKANG
1.03,0.01,0.02,-1.13,0.63,0.24,BELAKANG
1.03,0.01,0.02,-1.14,0.35,0.19,BELAKANG
1.03,0.01,0.01,-0.95,0.24,0.05,BELAKANG
1.03,0.01,0.01,-1.01,0.33,0,BELAKANG
1.03,0.01,0.01,-1.08,0.6,0.23,BELAKANG
1.02,0.01,0.01,-0.9,0.4,0.18,BELAKANG
1.03,0.01,0.01,-1.11,0.22,0.22,BELAKANG
1.03,0.01,0.01,-1,0.54,0.28,BELAKANG
1.03,0,0.01,-1.05,0.45,0.11,BELAKANG
1.03,0.01,0,-1.08,0.27,0.15,BELAKANG
1.03,0.01,0,-1.03,0.28,0.17,BELAKANG
1.03,0,0.01,-1.03,0.23,0.04,BELAKANG
1.03,0.01,0.01,-0.99,0.31,0.05,BELAKANG
1.03,0.01,0,-1.08,0.32,0.15,BELAKANG
1.03,0.01,0,-1.09,0.59,0.14,BELAKANG
1.03,0.01,0.01,-1.08,0.31,0.27,BELAKANG
1.03,0,0.02,-1.03,0.68,0.29,BELAKANG
1.03,0.01,0,-1.08,0.24,0.02,BELAKANG
1.03,0.01,0.01,-1.08,0.27,0.16,BELAKANG
1.03,0.01,0,-0.98,0.54,0.09,BELAKANG
1.03,0,0.01,-1.06,0.31,0.16,BELAKANG
1.03,0.01,0.01,-1.27,0.38,0.35,BELAKANG
1.03,0.01,0,-1.06,0.32,-0.02,BELAKANG
1.03,0.01,0.02,-0.95,0.56,-0.01,BELAKANG
1.03,0,0.01,-1.08,0.39,0.37,BELAKANG
1.03,0.01,0.01,-0.98,0.4,0.03,BELAKANG
1.03,0.01,0,-1.21,0.54,0.05,BELAKANG
1.02,0.01,0,-1,0.42,-0.02,BELAKANG
1.03,0.01,0,-1.08,0.38,0.27,BELAKANG
1.03,0.01,0.01,-1.08,0.38,0.05,BELAKANG
1.02,0.01,0.01,-1.01,0.5,0.05,BELAKANG
1.03,0,0.02,-0.84,0.3,0.11,BELAKANG
1.03,0.01,0.02,-1.08,0.77,0.24,BELAKANG
1.03,0.01,0.01,-0.95,0.44,0.12,BELAKANG
1.03,0.01,0,-0.9,0.4,0.02,BELAKANG
1.03,0,0.01,-1.05,0.4,0.19,BELAKANG
1.03,0.01,0,-0.99,0.56,0.1,BELAKANG
1.03,0,0.01,-0.97,0.44,0.05,BELAKANG
1.03,0.01,0,-1.16,0.32,-0.02,BELAKANG
1.02,0,0.01,-1.17,0.53,-0.08,BELAKANG
1.03,0.01,0,-1.27,0.67,0.38,BELAKANG
1.02,0.02,0.04,-1.03,-0.74,-0.41,BELAKANG
1.02,0,-0.01,-1.16,1.02,0.5,BELAKANG
1.04,0.01,0.03,-1.09,0.25,-0.07,BELAKANG
1.03,0.01,-0.01,-1.12,0.43,0.05,BELAKANG
1.03,0,0.01,-1.21,0.61,0.21,BELAKANG
1.03,0.01,0,-1.12,0.14,-0.01,BELAKANG
1.02,0,0,-1.05,0.35,0.47,BELAKANG
1.03,0.01,0.01,-0.95,0.21,-0.02,BELAKANG
1.02,0.01,0,-1.16,0.2,0.12,BELAKANG
1.03,0.01,0.01,-1.11,0.67,0.2,BELAKANG
1.03,0,0,-1.17,0.21,0.03,BELAKANG
1.03,0.01,0.01,-1.15,0.34,0.06,BELAKANG
1.03,0.01,0.01,-1.29,0.12,0.02,BELAKANG
1.02,0.01,0,-1.06,0.12,0.05,BELAKANG
1.03,0.01,0.01,-1.2,0.6,0.27,BELAKANG
1.03,0.01,0.01,-1.18,0.48,0.12,BELAKANG
1.03,0.01,0.01,-1,0.17,-0.06,BELAKANG
1.03,0.01,0.01,-0.91,0.39,0.21,BELAKANG
1.03,0.01,0,-1.13,0.25,0.11,BELAKANG
1.04,0.01,0.01,-1.09,0.56,0.08,BELAKANG
1.03,0.01,0.02,-1.02,0.35,-0.04,BELAKANG
1.03,0,0,-0.84,0.46,0.18,BELAKANG
1.03,0.01,0.01,-1.08,0.21,0.11,BELAKANG
1.03,0.01,0.01,-1.18,0.51,0.23,BELAKANG
1.03,0,0.01,-1.27,0.56,0.32,BELAKANG
1.03,0,0,-1.05,0.34,0.04,BELAKANG
1.03,0.01,0.01,-1.2,0.31,0.16,BELAKANG
1.03,0,0,-1.11,0.21,0.01,BELAKANG
1.03,0.01,0,-1.04,0.56,0.08,BELAKANG
1.03,0.01,0.01,-1.04,0.34,0.09,BELAKANG
1.03,0,0.02,-1.09,0.65,0.24,BELAKANG
1.03,0,0,-1.3,0.36,0.05,BELAKANG
1.03,0.01,0,-1.27,0.62,0.34,BELAKANG
1.04,0.01,0.01,-0.94,0.39,0.15,BELAKANG
1.03,0.01,0,-0.9,0.37,0.32,BELAKANG
1.03,0.01,0.01,-1.14,0.34,0.19,BELAKANG
1.03,0.01,0,-1.05,0.39,0.16,BELAKANG
1.03,0.01,0.01,-1.01,0.31,0.17,BELAKANG
1.03,0.01,0.01,-1.17,0.25,0.03,BELAKANG
1.03,0.01,0.01,-1.11,0.29,0.14,BELAKANG
1.02,0.01,0.01,-1.13,0.49,0.01,BELAKANG
1.03,0.01,0.01,-1.21,0.5,0.3,BELAKANG
1.03,0,0,-1.07,0.47,0.24,BELAKANG
1.03,0.01,0.01,-1.17,0.28,0.16,BELAKANG
0,1,0.05,-1.78,0.55,0.29,KIRI
0,1,0.04,-0.88,0.18,0.54,KIRI
0.02,1,0.03,-1.04,0.42,1.14,KIRI
0.02,1,0.03,-0.92,0.5,0.02,KIRI
0.01,1,0.05,-1.23,0.28,0.45,KIRI
0.02,1,0.03,-0.7,0.34,0.63,KIRI
-0.03,1,0.05,-1.1,-3.34,1.31,KIRI
0,1,0.04,-1.07,0.66,1.28,KIRI
0,1,0.03,-1.37,0.29,-0.61,KIRI
0,1,0.03,-1.26,0.31,-0.02,KIRI
0.02,1,0.04,-0.97,0.37,0.76,KIRI
0.06,0.99,0.03,-1.43,0.36,-2.54,KIRI
0.04,1,0.03,-1.37,0.48,-0.12,KIRI
0.02,1,0.03,-0.8,0.33,2.67,KIRI
0.02,1,0.03,-1.26,0.45,-2.49,KIRI
0.02,1,0.03,-0.79,0.44,0.65,KIRI
0.02,1,0.02,-0.59,0.5,1.66,KIRI
0.03,0.99,0.03,-0.47,0.42,1.48,KIRI
0.02,0.99,0.04,-1.03,0.47,0.42,KIRI
0.02,1,0.03,-1.36,0.39,0.03,KIRI
0.02,1,0.03,-0.98,0.39,0.56,KIRI
0.02,1,0.04,-1.21,0.36,-0.57,KIRI
0.01,1,0.04,-1.16,0.2,-0.27,KIRI
0.03,1,0.03,-0.99,0.63,0.41,KIRI
0.03,1,0.03,-1.22,0.34,0.29,KIRI
0.02,1,0.04,-1.38,0.66,-0.63,KIRI
0.02,1,0.03,-1.34,0.45,-0.62,KIRI
0.01,1,0.04,-0.95,0.44,0.85,KIRI
0.02,1,0.04,-1.06,0.35,0.4,KIRI
0.01,1,0.02,-1.24,0.37,-0.08,KIRI
0.01,1,0.03,-1.1,0.56,1.08,KIRI
0.01,1,0.04,-0.92,0.39,1.37,KIRI
0.01,1,0.03,-0.51,0.31,2.89,KIRI
0.02,1,0.03,-0.88,0.54,1.53,KIRI
0.01,1.01,0.01,-0.95,0.41,1.26,KIRI
0.02,0.99,0.05,-1.71,0.31,-0.64,KIRI
-0.02,1,0.03,-1.29,0.44,-0.28,KIRI
0.04,1,0.01,-1.48,0.37,-0.41,KIRI
0.01,0.99,0.04,-1.05,0.34,0.63,KIRI
0.02,0.99,0.04,-0.93,0.44,-0.37,KIRI
0.03,1.01,0.03,-0.56,0.12,0.69,KIRI
0.03,0.99,0.04,-1.49,0.4,-0.98,KIRI
0.03,1,0.04,-1.05,0.28,0.22,KIRI
0.02,1,0.05,-1.15,0.46,0.94,KIRI
0.03,1,0.02,-0.63,0.4,-1.02,KIRI
0.02,1,0.04,-0.92,0.34,0.57,KIRI
0.03,1,0.01,-1.22,0.51,-0.97,KIRI
0.01,1,0.03,-1.39,0.39,-1.75,KIRI
0.03,1,0.04,-1.15,0.52,-1.19,KIRI
0.03,1,0.02,-0.91,0.37,0.81,KIRI
0.03,1,0.04,-1.17,0.6,1.34,KIRI
0,1,0.03,-1.46,0.41,-0.94,KIRI
0.01,1,0.04,-1.16,0.28,0.11,KIRI
0.02,0.99,0.04,-0.86,0.42,0.69,KIRI
0.03,1,0.03,-0.6,0.42,0.95,KIRI
0.01,1,0.03,-1.39,0.42,-0.03,KIRI
0.02,1,0.03,-1.17,0.51,-1.2,KIRI
0.01,1,0.03,-1.04,0.47,-0.21,KIRI
0.01,1,0.03,-1.2,0.37,0.51,KIRI
0.02,1,0.02,-1.5,0.4,-1.3,KIRI
0.01,1,0.03,-0.9,0.24,0.11,KIRI
0.01,1,0.02,-1.17,0.33,0.02,KIRI
0.02,1,0.03,-1.46,0.44,-0.6,KIRI
0.02,1,0.04,-1.32,0.52,0.25,KIRI
0.03,0.99,0.02,-1.18,0.34,-0.24,KIRI
0.01,1,0.03,-1.14,0.42,-0.44,KIRI
0.01,1,0.03,-1.11,0.38,0.25,KIRI
0,1,0.04,-0.95,0.44,1.06,KIRI
0.03,0.99,0.03,-0.49,0.25,1.44,KIRI
0.02,1,0.03,-1.11,0.4,1.04,KIRI
0,1,0.03,-0.69,0.2,1.36,KIRI
0.01,1,0.03,-1.05,0.44,1.15,KIRI
0.03,1,0.03,-1.11,0.5,0.79,KIRI
0.01,1,0.03,-1.33,0.38,-0.43,KIRI
0.02,1,0.04,-1.02,0.56,0.92,KIRI
0.03,1,0.03,-0.74,0.1,1.26,KIRI
0.02,0.99,0.03,-0.88,0.4,0.31,KIRI
0.01,1.11,0.09,-0.9,0.36,0.69,KIRI
0.01,1,0.04,-1.3,0.4,-0.83,KIRI
0.02,1.01,0.03,-1.49,0.44,-0.49,KIRI
0.03,0.99,0.03,-1.05,0.46,0.4,KIRI
0.02,1,0.04,-1.07,0.46,0.47,KIRI
0.02,1,0.02,-1.44,0.49,-0.6,KIRI
0.03,1,0.03,-1.56,0.23,-1.61,KIRI
0.04,0.99,0.03,-1,0.3,0.03,KIRI
0.02,1,0.02,-0.96,0.62,0.21,KIRI
0.02,1.01,0.03,-0.98,0.53,-0.51,KIRI
0.01,1,0.03,-0.84,0.37,1.84,KIRI
0.02,1,0.04,-0.92,0.28,1.65,KIRI
0.02,1,0.03,-1.21,0.52,-0.18,KIRI
0.01,1,0.03,-0.94,0.45,1.17,KIRI
0.03,1,0.03,-1.2,0.51,-0.44,KIRI
0.04,1,0.02,-1.92,0.6,-4.28,KIRI
0.02,1,0.03,-1.34,0.5,-0.91,KIRI
0.02,1,0.03,-1.1,0.36,1.38,KIRI
0.02,1,0.04,-1.19,0.21,-0.26,KIRI
0.02,1,0.03,-1.1,0.3,0.05,KIRI
0.01,1,0.03,-1.6,0.49,0.14,KIRI
0.02,1,0.04,-0.78,0.29,1.36,KIRI
0.02,1,0.03,-0.62,0.31,1.43,KIRI
0.02,1,0.03,-1.05,0.43,0.33,KIRI
0.02,1,0.03,-0.98,0.56,0.08,KIRI
0.01,0.98,0.04,-0.64,0.35,0.91,KIRI
0.02,1,0.03,-1.08,0.35,-0.02,KIRI
0.01,1,0.04,-1.15,0.34,-0.43,KIRI
0.02,1,0.03,-1.15,0.4,-0.18,KIRI
0.02,1,0.02,-1.29,0.27,-0.98,KIRI
0.02,1.01,0.02,-1,0.34,0.18,KIRI
0.03,1,0.03,-1.02,0.51,-0.11,KIRI
0.02,1,0.03,-1.19,0.33,-0.71,KIRI
0.03,1,0.03,-1.21,0.29,0.67,KIRI
0.02,0.99,0.04,-0.71,0.47,1.87,KIRI
0,1,0.04,-0.86,0.27,1.34,KIRI
0.02,1,0.03,-1.31,0.35,0.27,KIRI
0.01,0.99,0.02,-1.25,0.43,0.37,KIRI
0.03,1,0.03,-0.92,0.47,1.05,KIRI
0.05,0.99,0.03,-1.05,0.36,-0.11,KIRI
0.03,1,0.03,-0.81,0.38,0.53,KIRI
0.02,1,0.03,-0.89,0.41,1.11,KIRI
0.02,1,0.03,-0.95,0.53,1.53,KIRI
0.01,1,0.04,-0.86,0.32,1.02,KIRI
0.01,1.01,0.03,-1.01,0.41,0.91,KIRI
0.02,1,0.04,-1.25,0.35,0.31,KIRI
0.01,1,0.03,-0.77,0.22,0.63,KIRI
0.03,1,0.03,-0.84,0.51,0.95,KIRI
0.02,1,0.03,-0.85,0.24,0.49,KIRI
0.03,1,0.03,-1.05,0.39,0.17,KIRI
0.02,1,0.03,-1.18,0.29,-0.73,KIRI
0.01,1,0.02,-1.05,0.47,0.27,KIRI
0.02,1,0.03,-1.21,0.18,-0.1,KIRI
0.01,1,0.04,-1.32,0.44,-0.4,KIRI
0.02,1,0.02,-1.16,0.47,-0.12,KIRI
0.02,1,0.03,-1.02,0.26,0.28,KIRI
0.01,1.06,-0.07,-0.08,-0.32,-2.12,KIRI
0.02,0.99,0.03,-1.13,0.34,0.98,KIRI
0.01,1,0.03,-1.11,0.27,0.64,KIRI
0.01,1,0.04,-1.26,0.47,-0.71,KIRI
0.01,1,0.04,-0.74,0.4,0.38,KIRI
0.02,1,0.02,-0.98,0.27,0.42,KIRI
0.01,1,0.03,-1.02,0.26,0.11,KIRI
0.01,1,0.03,-0.73,0.52,1.2,KIRI
0.01,1,0.04,-0.91,0.42,1.37,KIRI
0.03,1,0.03,-1.17,0.44,0.36,KIRI
0.02,0.99,0.03,-1.33,0.36,-0.79,KIRI
0,1,0.03,-1.34,0.35,0.85,KIRI
0.01,1.05,0.06,-0.13,0.37,0.21,KIRI
0.01,1,0.02,-1.06,0.24,0.28,KIRI
0.02,1,0.03,-0.82,0.48,-0.07,KIRI
0.01,0.99,0.02,-1.31,0.35,0.21,KIRI
0.02,1.01,0,-1.64,0.54,0.29,KIRI
0.09,1.36,0.27,1.37,0.73,-1.42,KIRI
0,1,0.05,-1.18,0.56,1.02,KIRI
0.01,1,0.02,-0.82,0.6,1.25,KIRI
0.01,1,0.04,-1.88,0.56,-0.86,KIRI
0,1.01,0.04,-0.95,0.43,-0.87,KIRI
0,1.01,0.03,-1.2,0.48,0.4,KIRI
0.03,1,0.03,-0.05,0.76,2.66,KIRI
0.01,1,0.03,-1.19,0.3,0.18,KIRI
0.03,1,0.03,-0.56,0.47,-0.67,KIRI
0.02,0.99,0.02,-0.97,0.48,1.4,KIRI
0.02,1,0.03,-0.96,0.34,0.47,KIRI
0.01,1,0.03,-1.16,0.58,0.65,KIRI
0.02,1,0.02,-1.48,0.26,-0.7,KIRI
0.03,1,0.02,-1.46,0.38,-1.33,KIRI
0.02,1,0.03,-1.08,0.33,0.25,KIRI
0,1,0.04,-1.01,0.37,1.29,KIRI
0.01,1,0.02,-1.24,0.48,0.37,KIRI
0.02,1,0.03,-1.23,0.31,0.05,KIRI
0.01,1,0.02,-1.05,0.39,-0.13,KIRI
0.03,1,0.04,-1.33,0.47,0.13,KIRI
0.02,1,0.02,-1.17,0.41,0.49,KIRI
0.01,1,0.04,-1.07,0.38,0.39,KIRI
0.02,1,0.03,-0.84,0.26,0.45,KIRI
0.03,1,0.03,-0.94,0.44,0.73,KIRI
0.01,1,0.03,-0.89,0.43,0.66,KIRI
0.02,1,0.04,-1.03,0.37,0.79,KIRI
0.01,1,0.03,-1.16,0.31,0.09,KIRI
0.02,1,0.02,-1.08,0.51,0.04,KIRI
0.03,1,0.03,-0.98,0.44,0.15,KIRI
0.01,1,0.02,-0.89,0.26,1.05,KIRI
0.02,1,0.03,-1.24,0.4,0.03,KIRI
0.02,0.99,0.04,-1.18,0.4,0.29,KIRI
0.01,1,0.03,-1.19,0.38,-0.31,KIRI
0.01,1,0.03,-1.05,0.4,0.4,KIRI
0.01,1,0.03,-1.18,0.32,0.35,KIRI
0.02,1,0.04,-1.16,0.31,0.05,KIRI
0.02,0.99,0.03,-1.22,0.63,0.42,KIRI
0.02,1,0.03,-1.24,0.45,0.28,KIRI
0.03,1,0.04,-1.21,0.5,0.11,KIRI
0.02,1,0.03,-1.12,0.67,0.85,KIRI
0.02,1,0.03,-0.97,0.3,-0.27,KIRI
0.01,1,0.03,-1.24,0.44,0,KIRI
0.02,1,0.02,-0.91,0.45,0.82,KIRI
0.03,1,0.02,-0.97,0.47,0.06,KIRI
0.02,1,0.03,-1.37,0.18,-0.55,KIRI
0.02,1,0.03,-1.08,0.16,0.73,KIRI
0.01,1,0.02,-1.06,0.37,0.01,KIRI
0.02,1,0.03,-1.28,0.49,-0.4,KIRI
0.01,1,0.04,-1.12,0.28,-0.05,KIRI
0.02,1,0.03,-1.3,0.66,0.11,KIRI
0.02,1.01,0.03,-0.95,0.27,0.21,KIRI
0.02,1,0.04,-0.95,0.52,0.56,KIRI
0.02,1,0.04,-1.05,0.44,0.37,KIRI
0.02,1,0.03,-1.24,0.37,-0.45,KIRI
0.02,1,0.01,-1.24,0.33,0.15,KIRI
0.02,1,0.03,-0.92,0.47,0.69,KIRI
0.02,1,0.04,-1.04,0.43,0.02,KIRI
0.02,1,0.03,-1.03,0.44,-0.47,KIRI
0.02,1,0.04,-1.28,0.56,-0.82,KIRI
0.01,0.99,0.04,-1.24,0.34,-0.59,KIRI
0.02,1,0.03,-1.14,0.26,-0.06,KIRI
0.02,1,0.03,-1.3,0.3,-0.82,KIRI
0.02,1,0.03,-1.29,0.34,-0.09,KIRI
0,1,0.02,-1.1,-0.61,-5.24,KIRI
0.06,0.99,0.02,-1.32,0.68,1.89,KIRI
0.02,1,0.03,-1.92,1.22,0.78,KIRI
0.03,0.99,0.01,-1.45,0.24,-1.53,KIRI
0.01,1,0.03,-0.82,0.27,1.04,KIRI
0.01,1,0.03,-0.92,0.33,1.56,KIRI
0.01,1,0.03,-0.9,0.41,-0.42,KIRI
0.01,1,0.03,-0.99,0.27,0.33,KIRI
0.02,1,0.04,-1.08,0.31,0.2,KIRI
0.02,1,0.03,-1.11,0.25,0.15,KIRI
0.02,1,0.03,-1.43,0.35,0.31,KIRI
0,1,0.04,-1.02,0.27,0.46,KIRI
0.02,1,0.03,-1.27,0.57,0.54,KIRI
0.01,1,0.03,-0.53,0.3,1.37,KIRI
0.01,1.01,0.03,-1.23,0.28,0.16,KIRI
0.01,1,0.04,-1.14,0.42,0.09,KIRI
0,1,0.02,-1.21,0.43,0.89,KIRI
0.02,1,0.02,-1.18,0.33,0.91,KIRI
0.02,1,0.03,-1.29,0.46,-0.98,KIRI
0.01,1,0.03,-1.19,0.35,-0.01,KIRI
0.02,1,0.03,-1.1,0.39,0.56,KIRI
0.01,1,0.03,-1.42,0.65,-0.04,KIRI
0,1,0.03,-1.25,0.47,-0.21,KIRI
0,1,0.03,-1.34,0.48,-0.55,KIRI
0.01,1,0.02,-1.09,0.46,-0.22,KIRI
0.01,0.99,0.04,-1.37,0.5,-0.27,KIRI
0,1,0.02,-1.26,0.34,-1.09,KIRI
0.02,1,0.03,-1.32,0.47,-0.16,KIRI
0.01,1,0.03,-0.85,0.47,0.23,KIRI
0.01,1,0.02,-1.04,0.43,0,KIRI
0.02,1,0.03,-1.03,0.53,-0.47,KIRI
0.01,1,0.04,-1.05,0.53,0.05,KIRI
0.01,1,0.02,-0.92,0.3,0.44,KIRI
0.01,1,0.02,-1.15,0.44,0.83,KIRI
0.01,1,0.03,-1.27,0.33,-0.15,KIRI
0.01,1,0.03,-1.41,0.59,0.34,KIRI
0.01,1,0.02,-1.16,0.23,-0.16,KIRI
-0.01,-0.99,0.01,-0.63,0.28,1.02,KANAN
-0.01,-0.99,0.01,-1.36,0.34,-1.03,KANAN
-0.02,-0.99,0.01,-0.73,0.34,1.37,KANAN
-0.02,-0.99,0.01,-1.47,0.62,-0.57,KANAN
-0.01,-0.99,0.01,-1.25,0.47,5.98,KANAN
-0.01,-0.99,0.01,-1.59,0.37,1.03,KANAN
-0.01,-0.99,0,-1.44,0.44,5.85,KANAN
-0.02,-0.99,0.01,-0.76,0.39,-0.44,KANAN
-0.02,-1,0.01,-0.76,0.37,-8.2,KANAN
-0.01,-0.99,0,-1.03,0.53,-0.11,KANAN
0,-0.99,0.01,-1.25,0.41,-0.77,KANAN
-0.02,-1,0,-0.92,0.35,-10.16,KANAN
-0.01,-1,0,-1.03,0.45,-3.66,KANAN
-0.01,-0.99,0,-1.34,0.39,2.66,KANAN
-0.01,-1,0,-1.12,0.69,2.36,KANAN
-0.01,-0.99,0.01,-1.05,0.3,-0.14,KANAN
-0.01,-1,-0.01,-0.96,0.29,0.69,KANAN
-0.01,-0.99,0,-0.98,0.6,0.55,KANAN
0,-0.99,0.01,-1.44,0.5,4.27,KANAN
0,-1,0,-0.3,0.58,-2.64,KANAN
-0.01,-0.99,0,-0.86,0.47,-0.62,KANAN
-0.01,-1,0.01,-0.5,0.46,-3.4,KANAN
-0.01,-1,0.01,-1.34,0.4,3.94,KANAN
-0.01,-0.99,0.01,-1.06,0.4,3.27,KANAN
0,-0.99,0.01,-0.84,0.24,-1.19,KANAN
-0.01,-1,0.01,-1.47,0.48,0.92,KANAN
-0.01,-1,0.01,-1.18,0.57,1.52,KANAN
-0.01,-0.99,0,-1.25,0.35,2.05,KANAN
-0.01,-1,0.01,-0.89,0.5,1.37,KANAN
0,-0.99,0,-1.73,0.41,9.25,KANAN
0.01,-0.98,0,-0.79,0.35,1.45,KANAN
-0.01,-0.99,0.01,-0.76,0.39,0.53,KANAN
0,-1,0,-0.56,0.35,2.51,KANAN
0,-0.99,0.01,-0.73,0.54,-1.64,KANAN
0,-0.98,0.01,-0.08,0.43,-9.61,KANAN
-0.01,-0.99,0,-1.48,0.29,-0.2,KANAN
-0.01,-1,0.01,-1.24,0.4,1.02,KANAN
0,-0.99,-0.01,-1.73,0.49,-0.06,KANAN
-0.01,-0.99,0.01,-0.91,0.29,-1.85,KANAN
-0.01,-0.99,0.02,-1.16,0.44,-0.97,KANAN
-0.01,-0.99,0.02,-1.07,0.24,0.21,KANAN
-0.01,-0.99,0.01,-1.24,0.47,-1.22,KANAN
0,-1,0.01,-1.39,0.58,0.76,KANAN
-0.01,-0.99,0.01,-1.2,0.37,3.9,KANAN
0,-0.98,0,-1.39,0.47,1.48,KANAN
-0.01,-0.99,0.01,-0.95,0.24,0.68,KANAN
-0.01,-0.99,0,-1.18,0.63,-1.44,KANAN
-0.01,-0.99,0.02,-0.86,0.37,-1.05,KANAN
-0.01,-1,-0.01,-1.24,0.4,-1.05,KANAN
-0.01,-1,0,-1.2,0.24,-0.56,KANAN
-0.01,-1,0.01,-1.11,0.5,-0.24,KANAN
-0.01,-1,0.01,-1.44,0.42,0.27,KANAN
-0.01,-0.99,0,-1.15,0.5,2,KANAN
-0.01,-0.99,0,-1.15,0.37,0.35,KANAN
-0.01,-1,0.01,-1.02,0.4,-1.21,KANAN
-0.01,-0.99,0.01,-0.85,0.4,-1.6,KANAN
0,-0.99,0,-1.14,0.31,3.38,KANAN
-0.01,-0.99,0.01,-0.98,0.37,2.24,KANAN
-0.01,-1,0.01,-0.61,0.48,-0.5,KANAN
0,-1,0.01,-0.56,0.38,0.74,KANAN
-0.01,-1,0.02,-1,0.24,-1.29,KANAN
-0.01,-1,0,-0.82,0.29,2,KANAN
-0.01,-1,0,-1.29,0.25,0.22,KANAN
0,-0.99,0.01,-1.21,0.43,-2.71,KANAN
-0.01,-0.99,0.02,-0.86,0.36,-0.94,KANAN
-0.01,-1,0,-0.98,0.32,1.04,KANAN
-0.01,-1,0.01,-1.1,0.35,2.29,KANAN
-0.01,-0.99,-0.01,-0.98,0.28,0.57,KANAN
-0.01,-0.99,0.01,-0.81,0.21,-0.12,KANAN
-0.02,-1,0.01,-0.79,0.4,-2.73,KANAN
-0.02,-1,0.01,-1.23,0.45,1.98,KANAN
-0.01,-0.99,0.01,-1.05,0.56,0.67,KANAN
-0.01,-0.99,0,-1.19,0.57,-0.56,KANAN
-0.01,-0.99,0,-1.24,0.32,0.89,KANAN
-0.02,-1,0,-1.12,0.46,1.09,KANAN
-0.02,-0.99,0.01,-1.26,0.51,1.77,KANAN
-0.01,-0.99,0,-1.21,0.5,0.57,KANAN
-0.01,-0.99,0,-1.76,0.37,-0.25,KANAN
-0.02,-0.99,0.01,-1.05,0.25,4.46,KANAN
-0.01,-0.99,0.01,-0.95,0.39,1.76,KANAN
-0.02,-0.99,0.01,-1.15,0.42,-1.23,KANAN
-0.02,-0.99,0.01,-1.16,0.56,-0.11,KANAN
-0.01,-0.99,0.01,-1.01,0.56,2.9,KANAN
-0.01,-1,0,-1.14,0.35,-0.83,KANAN
-0.02,-0.99,0,-0.52,0.46,-2.47,KANAN
-0.02,-1,0.01,-0.85,0.26,2.13,KANAN
-0.01,-1,0.01,-1.39,0.37,2.73,KANAN
-0.02,-0.99,0.01,-1.38,0.46,-0.21,KANAN
-0.01,-0.99,0,-0.9,0.39,0.98,KANAN
-0.01,-0.99,-0.01,-1.25,0.41,1.62,KANAN
-0.01,-0.99,0,-1.4,0.56,0.72,KANAN
-0.01,-0.99,0.01,-1.25,0.41,-0.87,KANAN
-0.02,-1,0.01,-1.02,0.24,-1.23,KANAN
-0.01,-1,0,-0.97,0.53,-0.76,KANAN
-0.02,-0.99,0.01,-1.27,0.37,1.4,KANAN
-0.01,-0.99,0.01,-1.11,0.44,1.24,KANAN
-0.02,-0.99,0,-0.81,0.31,1.06,KANAN
-0.02,-1,0,-0.94,0.44,1.92,KANAN
-0.02,-0.99,0,-1.2,0.27,1.11,KANAN
-0.01,-0.99,0,-1.24,0.5,-1.63,KANAN
-0.02,-0.99,0.01,-0.79,0.56,-0.62,KANAN
-0.02,-0.99,0.01,-0.98,0.31,-0.18,KANAN
-0.01,-1,0.01,-0.76,0.34,0.56,KANAN
-0.02,-0.99,0.01,-1.14,0.54,-0.35,KANAN
-0.02,-0.99,0.02,-1.26,0.24,-2.69,KANAN
-0.02,-0.99,0.01,-1.03,0.37,-0.63,KANAN
-0.01,-0.99,0,-1.22,0.66,0.8,KANAN
-0.02,-0.99,0.01,-1.06,0.38,-1.05,KANAN
-0.02,-0.99,0.01,-1.4,0.38,-0.26,KANAN
-0.02,-1,0,-1.14,0.34,2.19,KANAN
-0.02,-1,0,-0.99,0.37,0.66,KANAN
-0.02,-1,0.01,-0.76,0.52,0.35,KANAN
-0.03,-0.99,0.01,-0.97,0.56,0.21,KANAN
-0.02,-1,0.01,-0.89,0.37,0.44,KANAN
-0.02,-0.99,0.01,-0.98,0.31,1.89,KANAN
0,-0.99,0.01,-1.02,0.27,-0.54,KANAN
-0.02,-0.99,0,-0.75,0.47,-0.66,KANAN
-0.02,-0.99,0.01,-0.96,0.6,0.21,KANAN
-0.02,-1,0,-0.6,0.52,0.68,KANAN
-0.02,-0.99,0.01,-0.78,0.34,-0.46,KANAN
-0.02,-1,0,-1.37,0.37,-1.34,KANAN
-0.02,-0.99,0,-0.98,0.56,-1.7,KANAN
-0.02,-0.99,0.01,-0.92,0.34,1.56,KANAN
-0.02,-0.99,0.01,-1.34,0.52,1.34,KANAN
-0.02,-0.99,0.01,-1.34,0.42,-0.69,KANAN
-0.02,-0.99,0.01,-0.76,0.45,-0.56,KANAN
-0.02,-0.99,0.01,-0.97,0.44,-0.23,KANAN
-0.02,-0.99,0.01,-1.16,0.47,-0.34,KANAN
-0.02,-1,0.01,-1,0.66,-1.52,KANAN
-0.02,-1,0.01,-1.13,0.37,-0.37,KANAN
-0.02,-1,0.01,-0.99,0.28,0.77,KANAN
-0.01,-0.99,0,-1.11,0.35,-3.17,KANAN
-0.02,-0.99,0.01,-0.85,0.29,-1.82,KANAN
-0.02,-0.99,0,-1.21,0.49,-0.28,KANAN
-0.01,-0.99,0,-1.25,0.46,1.89,KANAN
-0.02,-1.01,0.01,-0.99,0.34,1.58,KANAN
-0.02,-0.99,0.02,-0.95,0.4,1.41,KANAN
-0.02,-0.99,0,-1.25,0.5,-0.81,KANAN
-0.02,-0.99,0.01,-1.11,0.47,0.18,KANAN
-0.02,-0.99,0.01,-1.21,0.36,0.27,KANAN
-0.02,-1,0.01,-1.24,0.51,1.27,KANAN
-0.02,-1,0,-0.92,0.44,0.26,KANAN
-0.02,-0.99,0.01,-0.9,0.34,0.31,KANAN
-0.02,-1,0.01,-1.11,0.59,1.97,KANAN
-0.02,-0.99,0.01,-1.44,0.43,1.85,KANAN
-0.03,-0.99,0,-1.19,0.42,0.34,KANAN
-0.02,-0.99,0.01,-1.15,0.58,-0.21,KANAN
-0.02,-1,0.01,-1.07,0.55,-2.05,KANAN
-0.02,-1,0.01,-1.18,0.56,-0.4,KANAN
-0.02,-0.99,0.01,-1.57,0.34,0.89,KANAN
-0.02,-0.99,0.02,-0.85,0.53,0.2,KANAN
-0.02,-0.99,0.01,-0.92,0.43,2.61,KANAN
-0.03,-0.99,0,-1.24,0.5,1.01,KANAN
-0.02,-0.99,0,-0.98,0.34,0.12,KANAN
-0.02,-0.99,0.01,-1.17,0.44,-0.34,KANAN
-0.02,-0.99,0.01,-0.69,0.25,-1.69,KANAN
-0.02,-0.99,0.01,-0.82,0.4,-0.2,KANAN
-0.02,-1,0,-0.85,0.33,1.18,KANAN
-0.02,-0.99,0.01,-1.28,0.47,-0.79,KANAN
-0.01,-0.99,0,-1.38,0.29,-1.47,KANAN
-0.02,-0.99,0.01,-1.21,0.4,-2.02,KANAN
-0.03,-0.99,0.01,-1.06,0.39,-0.81,KANAN
-0.02,-1,0,-1.5,0.47,0.98,KANAN
-0.03,-0.99,0.01,-0.85,0.29,1.69,KANAN
-0.01,-1.02,0.01,-1.03,0.42,-0.47,KANAN
-0.02,-1,0.01,-1,0.24,0.54,KANAN
-0.02,-0.99,0,-0.9,0.31,-1.02,KANAN
-0.02,-0.99,0.01,-1.16,0.38,-0.9,KANAN
-0.02,-1,0.01,-0.95,0.47,-1,KANAN
-0.02,-1,0,-0.91,0.4,0.03,KANAN
-0.02,-0.99,0,-0.98,0.27,1,KANAN
-0.02,-0.99,0,-1.18,0.57,2.25,KANAN
-0.02,-0.99,0,-1.01,0.3,0.9,KANAN
-0.02,-0.99,0,-1.13,0.47,-1.17,KANAN
-0.02,-0.99,0.01,-1.04,0.47,0.15,KANAN
-0.04,-0.99,0.01,-1.27,0.41,-0.14,KANAN
-0.03,-1,0.01,-1.17,0.47,2.55,KANAN
-0.03,-0.99,0,-1.18,0.4,0.3,KANAN
-0.03,-0.99,0.01,-1.11,0.43,-0.68,KANAN
-0.03,-1,0.01,-0.98,0.66,-0.79,KANAN
-0.03,-0.99,0.01,-0.92,0.39,-0.64,KANAN
-0.03,-0.99,-0.01,-1.2,0.51,-4.05,KANAN
-0.03,-1,0,-1.11,0.4,0.37,KANAN
-0.02,-0.99,0,-0.89,0.45,0.6,KANAN
-0.03,-0.99,0,-1.54,0.65,-0.57,KANAN
-0.03,-0.99,0,-2.15,0.49,0.25,KANAN
-0.02,-1,0.01,-1.02,0.68,-0.36,KANAN
-0.02,-1,0.01,-1.17,0.5,0.05,KANAN
-0.02,-0.99,0.01,-1.56,0.44,-1.09,KANAN
-0.02,-0.99,0,-1.12,0.4,-2.33,KANAN
-0.02,-1,0,-1.14,0.56,-1.09,KANAN
-0.02,-0.99,0,-1.38,0.4,1.34,KANAN
-0.02,-0.99,0,-1.49,0.45,0.08,KANAN
-0.02,-0.99,0.01,-0.85,0.36,-0.17,KANAN
-0.01,-0.99,0.02,-0.87,0.33,0.13,KANAN
-0.02,-0.99,0,-1.38,0.36,-0.06,KANAN
-0.01,-0.99,0,-0.89,0.54,-0.32,KANAN
-0.02,-1,0.01,-1.27,0.3,-0.4,KANAN
-0.02,-0.99,0,-1.63,0.64,-1.11,KANAN
-0.03,-0.99,0,-1.12,0.3,0.02,KANAN
-0.01,-0.99,0.01,-0.64,0.53,1.53,KANAN
-0.02,-0.99,0.01,-0.76,0.28,-0.49,KANAN
-0.02,-0.99,0,-1.09,0.45,0.17,KANAN
-0.01,-0.99,0.01,-1.28,0.56,1.84,KANAN
-0.02,-0.99,0.01,-1.27,0.38,0.08,KANAN
-0.02,-0.99,0.01,-1.17,0.37,-0.95,KANAN
-0.02,-1,0.01,-1.27,0.56,0.69,KANAN
-0.02,-1,0,-0.93,0.49,2.07,KANAN
-0.02,-0.99,0,-1.27,0.5,-0.11,KANAN
-0.02,-0.99,0,-0.82,0.4,-1.47,KANAN
-0.02,-1,0.01,-1.24,0.58,0.87,KANAN
-0.02,-0.99,0.01,-0.85,0.27,-0.68,KANAN
-0.02,-1,0,-1.46,0.27,-2.8,KANAN
-0.03,-1,0,-1.21,0.23,-1.34,KANAN
-0.02,-1,0.01,-0.87,0.41,-0.79,KANAN
-0.02,-0.99,0.01,-1.05,0.6,-1.21,KANAN
-0.02,-0.99,0.01,-0.89,0.47,-1.73,KANAN
-0.03,-0.99,0,-1.15,0.47,-1.89,KANAN
-0.02,-1,0,-1.08,0.45,0.79,KANAN
-0.02,-0.98,0.01,-0.94,0.42,-0.24,KANAN
-0.02,-0.99,0.01,-1.08,0.47,-1.69,KANAN
-0.03,-1,0,-1.08,0.5,1.62,KANAN
-0.02,-1,0,-1.35,0.5,1.44,KANAN
-0.02,-0.99,0.01,-1.2,0.44,-0.21,KANAN
-0.02,-0.99,0,-0.97,0.31,-3.42,KANAN
-0.03,-1,0,-1.26,0.24,1.14,KANAN
-0.03,-0.99,0.01,-1.16,0.29,1.56,KANAN
-0.02,-0.99,0,-0.84,0.4,0.18,KANAN
-0.03,-1,0,-1.03,0.53,1.91,KANAN
-0.02,-0.99,0.01,-1.41,0.31,3.39,KANAN
-0.02,-0.99,0,-1.15,0.27,0.41,KANAN
-0.02,-0.99,0.01,-1.14,0.37,-1.64,KANAN
-0.02,-1,0.01,-0.97,0.27,-0.71,KANAN
-0.02,-0.99,0.01,-1.37,0.43,1.24,KANAN
-0.01,-0.98,0,-1.47,0.42,1.85,KANAN
-0.02,-0.99,0,-0.85,0.46,-3.13,KANAN
-0.02,-1,0.01,-0.93,0.28,-0.18,KANAN
-0.02,-0.99,0,-1.1,0.56,-0.04,KANAN
-0.02,-1,0,-1.06,0.5,2.89,KANAN
-0.01,-1,0.01,-1.02,0.44,-0.12,KANAN
-0.03,-1,0,-1.21,0.4,-0.58,KANAN
-0.02,-1,0,-0.9,0.53,1.41,KANAN
-0.02,-0.99,0.01,-1.26,0.31,1.01,KANAN
-0.02,-0.99,0,-1.13,0.27,-1.27,KANAN
-0.03,-1,0,-0.63,0.43,0.39,KANAN
-0.02,-0.99,0.01,-0.93,0.62,-0.58,KANAN
-0.02,-1,0.01,-0.74,0.48,-1.11,KANAN
-0.02,-1,0.01,-0.98,0.36,-0.62,KANAN
-0.02,-0.99,0.01,-0.96,0.42,-1.69,KANAN
-0.03,-0.99,0.01,-1.08,0.47,2.18,KANAN
